well_id,T+1_RMSE_m,T+1_NSE,T+2_RMSE_m,T+2_NSE,T+3_RMSE_m,T+3_NSE,T+4_RMSE_m,T+4_NSE,T+5_RMSE_m,T+5_NSE,T+6_RMSE_m,T+6_NSE,overall_RMSE_m,overall_NSE
"110102210003",0.187690,0.994109,0.228323,0.991258,0.275574,0.987222,0.330401,0.981558,0.381462,0.975298,0.440475,0.966876,0.319374,0.982812
"110102210004",0.089092,0.998134,0.147794,0.994887,0.196470,0.990991,0.238860,0.986705,0.281527,0.981541,0.328905,0.974800,0.228353,0.987839
"110105210002",0.073787,0.968106,0.099356,0.942286,0.122290,0.912430,0.147912,0.871232,0.163783,0.841399,0.182399,0.802496,0.136774,0.889959
"110105210004",0.134493,0.992771,0.232590,0.978598,0.324203,0.958806,0.418558,0.931924,0.505114,0.901731,0.577013,0.872799,0.395931,0.938865
"110105210023",0.216308,0.961478,0.323132,0.913947,0.417182,0.856408,0.502409,0.791595,0.579010,0.722996,0.652629,0.647723,0.472376,0.815856
"110105210024",0.248578,0.891000,0.361758,0.775009,0.439098,0.675041,0.504090,0.582476,0.572217,0.475632,0.637531,0.364351,0.478444,0.620149
"110106210001",0.109672,0.995380,0.189663,0.986132,0.265374,0.972772,0.340053,0.955147,0.400010,0.937754,0.470885,0.913502,0.320364,0.960320
"110106210003",0.111798,0.996531,0.167446,0.992257,0.200921,0.988900,0.238807,0.984379,0.279635,0.978691,0.322260,0.971819,0.230933,0.985390
"110106210006",0.134729,0.996349,0.210237,0.991165,0.251667,0.987413,0.290608,0.983301,0.330789,0.978464,0.372860,0.972735,0.276462,0.984859
"110107210001",0.222216,0.997709,0.415363,0.991939,0.607169,0.982649,0.791948,0.970246,0.974973,0.954497,1.156407,0.935351,0.764373,0.972385
"110107210002",0.315381,0.994178,0.592647,0.979376,0.841115,0.958271,1.066317,0.932531,1.274029,0.902939,1.468950,0.869786,1.006327,0.939995
"110107210003",0.201033,0.998395,0.383678,0.994101,0.564507,0.987115,0.737434,0.977799,0.910291,0.965824,1.083726,0.951023,0.713348,0.979331
"110108210001",0.134901,0.996181,0.223821,0.989319,0.315576,0.978382,0.394988,0.965470,0.472804,0.949600,0.556448,0.928948,0.377950,0.968718
"110108210003",0.442560,0.934234,0.610132,0.875979,0.734397,0.822360,0.847273,0.770372,0.970041,0.708380,1.069623,0.656500,0.807300,0.791190
"110108210006",0.543153,0.899484,0.809442,0.779627,1.025428,0.650992,1.193423,0.533570,1.321765,0.435658,1.441800,0.337817,1.099380,0.601971
"110108210008",0.853574,0.852300,0.873257,0.845630,0.698268,0.901414,0.887571,0.840917,0.960719,0.813838,1.007968,0.795332,0.885580,0.841664
"110108210011",0.428991,0.997664,0.789173,0.992099,1.144787,0.983379,1.498268,0.971539,1.846870,0.956754,2.192876,0.939022,1.448091,0.973426
"110108210013",0.484990,0.340684,0.590032,0.053615,0.702953,-0.313213,0.700553,-0.288237,0.722877,-0.356956,0.744890,-0.419228,0.664038,-0.170316
"110108210016",0.791902,0.979420,1.223002,0.950734,1.539938,0.921515,1.810423,0.890933,2.055058,0.858732,2.263948,0.827515,1.689211,0.905300
"110111210001",0.193310,0.972381,0.277430,0.942661,0.346173,0.910104,0.415344,0.869795,0.469277,0.832767,0.520765,0.792824,0.386889,0.887522
"110111210006",0.116994,0.986171,0.186372,0.964593,0.249463,0.936104,0.311750,0.899666,0.368302,0.859523,0.422887,0.814270,0.295048,0.910622
"110111210007",0.238411,0.949669,0.364507,0.882702,0.468272,0.806906,0.554479,0.729791,0.628622,0.653330,0.693965,0.578323,0.515297,0.766313
"110111210008",0.075028,0.993216,0.135119,0.977708,0.192994,0.953908,0.247964,0.922873,0.300997,0.884721,0.350909,0.841071,0.236768,0.930165
"110111210009",0.359019,0.947150,0.551226,0.875536,0.652683,0.825791,0.737779,0.777893,0.816408,0.728692,0.891628,0.677211,0.690963,0.805083
"110111210010",0.355856,0.943676,0.612143,0.833334,0.795589,0.718473,0.944885,0.602894,1.071558,0.489267,1.184688,0.375700,0.873579,0.660564
"110111210012",0.494433,0.913441,0.748282,0.802319,0.947390,0.683964,1.122230,0.557685,1.257389,0.446065,1.325391,0.386000,1.024616,0.630794
"110111210013",0.460059,0.936704,0.615243,0.886524,0.717643,0.845278,0.764492,0.823696,0.811160,0.800671,0.885649,0.761339,0.722495,0.842715
"110111210014",0.153356,0.972929,0.236589,0.935146,0.291158,0.901177,0.343617,0.861416,0.386412,0.823680,0.421659,0.788780,0.318708,0.881220
"110111210015",0.220555,0.979448,0.358775,0.946204,0.473669,0.907300,0.586526,0.859561,0.680649,0.813140,0.790166,0.751115,0.552778,0.874615
"110111210016",0.164370,0.984679,0.235110,0.968705,0.306963,0.946750,0.374733,0.920741,0.442099,0.889788,0.507417,0.854911,0.358206,0.927521
"110112210004",0.073413,0.994225,0.110301,0.986828,0.142705,0.977707,0.172251,0.967132,0.200499,0.954903,0.233189,0.938171,0.164402,0.970229
"110112210005",0.364823,0.601480,0.515810,0.202030,0.625542,-0.176439,0.682169,-0.403187,0.715984,-0.549145,0.734119,-0.632470,0.620131,-0.157899
"110112210007",0.189033,0.964095,0.278713,0.918842,0.342939,0.873348,0.383762,0.836002,0.407409,0.808230,0.430714,0.777530,0.348758,0.866969
"110112210008",0.216525,0.972660,0.346663,0.930473,0.442627,0.887625,0.534936,0.837269,0.608704,0.791133,0.675222,0.745220,0.495913,0.859620
"110112210009",0.306010,0.945998,0.457994,0.879973,0.560356,0.821951,0.655914,0.758381,0.746542,0.690043,0.838994,0.612313,0.620331,0.783029
"110112210012",0.519102,0.904381,0.719763,0.817878,0.793040,0.780822,0.881585,0.731157,0.909096,0.716058,0.931421,0.703789,0.804946,0.774846
"110112210015",0.398317,0.930238,0.596763,0.844616,0.717348,0.777341,0.826085,0.707106,0.931484,0.632065,1.030019,0.555550,0.778930,0.739123
"110112210019",0.377071,0.933459,0.600364,0.832224,0.770215,0.725522,0.910770,0.618710,1.026226,0.518542,1.137844,0.412165,0.843918,0.671686
"110112210022",0.707771,0.901905,0.994395,0.807101,1.175844,0.731488,1.259102,0.693637,1.301827,0.674128,1.333583,0.659771,1.149703,0.744073
"110112210024",0.294951,0.924173,0.442328,0.830884,0.545958,0.744245,0.643070,0.647842,0.723834,0.557319,0.789003,0.478122,0.597316,0.695101
"110113210001",0.201578,0.993324,0.367805,0.977795,0.519296,0.955783,0.658688,0.928959,0.780809,0.900330,0.897264,0.868586,0.618358,0.937384
"110113210004",0.239358,0.916376,0.351304,0.821166,0.440567,0.721156,0.517352,0.618849,0.548957,0.574667,0.587556,0.517215,0.463508,0.693153
"110113210007",0.516318,0.993533,0.772868,0.985433,0.891497,0.980515,1.042723,0.973194,1.201851,0.964166,1.367012,0.953329,1.004914,0.975185
"110113210010",0.819407,0.907224,1.211501,0.799201,1.448590,0.716546,1.664733,0.630538,1.864376,0.542489,2.024145,0.467248,1.558951,0.674140
"110113210013",0.302031,0.997362,0.544022,0.991313,0.810435,0.980421,1.062467,0.965810,1.279892,0.949555,1.517170,0.927878,1.009352,0.969395
"110113210017",0.125432,0.988785,0.224823,0.963432,0.336708,0.916836,0.432836,0.860759,0.498106,0.813153,0.583961,0.739963,0.399191,0.882453
"110113210021",0.081316,0.990688,0.111318,0.982430,0.143700,0.970587,0.183896,0.951703,0.214888,0.933760,0.251766,0.908532,0.174659,0.956543
"110113210026",0.108723,0.977699,0.161281,0.950868,0.202851,0.922085,0.244753,0.886350,0.277615,0.853269,0.309503,0.817081,0.227942,0.901459
"110113210027",0.214289,0.998820,0.402681,0.995793,0.586443,0.990987,0.767773,0.984388,0.944711,0.976104,1.121211,0.965948,0.740614,0.985557
"110113210028",0.244174,0.997871,0.474591,0.991849,0.692743,0.982372,0.900361,0.969711,1.096176,0.954264,1.282139,0.936115,0.858378,0.972685
"110113210029",0.307604,0.996616,0.602291,0.987020,0.881376,0.972225,1.151290,0.952641,1.401891,0.929839,1.646546,0.903294,1.098186,0.956936
"110113210030",0.209938,0.999047,0.446962,0.995613,0.679577,0.989696,0.901312,0.981569,1.112167,0.971434,1.323558,0.958783,0.866675,0.983105
"110113210033",0.067804,0.997905,0.111385,0.994356,0.151215,0.989618,0.192963,0.983133,0.232431,0.975554,0.273103,0.966268,0.185164,0.984457
"110113210035",0.119567,0.998364,0.224666,0.994286,0.335156,0.987415,0.448696,0.977673,0.547306,0.967099,0.656927,0.953014,0.430024,0.979403
"110113210036",0.417421,0.993962,0.669359,0.984520,0.900729,0.972059,1.150509,0.954555,1.387683,0.934059,1.615408,0.910855,1.102457,0.958229
"110113210037",0.105701,0.985938,0.167787,0.964711,0.214671,0.942514,0.252367,0.921006,0.288975,0.896961,0.322734,0.872139,0.236911,0.930230
"110113210041",0.124202,0.995698,0.203937,0.988539,0.279093,0.978764,0.341440,0.968480,0.396470,0.957804,0.443421,0.947572,0.317622,0.972587
"110113210044",0.205827,0.997848,0.354152,0.993686,0.503947,0.987330,0.643749,0.979511,0.780632,0.970128,0.923782,0.958512,0.618994,0.980986
"110113210045",0.139257,0.995359,0.238045,0.986627,0.339437,0.973201,0.436253,0.956403,0.523437,0.938122,0.616160,0.915397,0.415378,0.960221
"110113210047",0.440332,0.956025,0.709483,0.886830,0.900020,0.819425,1.063607,0.750024,1.206795,0.680889,1.308150,0.628061,0.983714,0.785305
"110113210050",0.105456,0.983029,0.150581,0.966160,0.202448,0.940251,0.249785,0.911330,0.294436,0.879894,0.339280,0.844282,0.237689,0.918928
"110113210054",0.797389,0.939059,1.150768,0.881772,1.424080,0.830036,1.677336,0.777713,1.907321,0.725668,2.116115,0.675938,1.576778,0.796898
"110113210056",0.176543,0.998248,0.322413,0.994170,0.469938,0.987646,0.616736,0.978784,0.753614,0.968396,0.895917,0.955419,0.592582,0.980403
"110114210001",0.029088,0.997994,0.047071,0.994810,0.066953,0.989625,0.087913,0.982323,0.106705,0.974239,0.126820,0.963941,0.084402,0.983618
"110114210005",0.303691,0.927079,0.458958,0.834779,0.531658,0.780229,0.561867,0.756898,0.612480,0.714099,0.688435,0.642508,0.540108,0.774680
"110114210007",1.128437,0.528253,1.093673,0.557630,1.091223,0.560162,1.104208,0.550146,1.124349,0.534060,1.155321,0.509176,1.116427,0.540081
"110114210009",0.191309,0.976593,0.325213,0.931236,0.430153,0.877794,0.516648,0.820931,0.582380,0.768781,0.651959,0.705392,0.475839,0.849365
"110114210013",0.250978,0.981059,0.433506,0.942696,0.576318,0.897337,0.700699,0.846206,0.807620,0.792960,0.920811,0.727290,0.655004,0.866595
"110114210018",0.201891,0.990031,0.369461,0.966464,0.525231,0.931973,0.652971,0.894531,0.744235,0.862536,0.856375,0.817453,0.600939,0.910884
"110114210019",0.183309,0.990770,0.349351,0.966379,0.508509,0.928649,0.648085,0.883958,0.759640,0.840508,0.882881,0.784625,0.604259,0.899318
"110114210022",0.126411,0.995449,0.220409,0.986146,0.311915,0.972229,0.401188,0.954082,0.478559,0.934667,0.561596,0.909982,0.380178,0.958798
"110114210030",0.132483,0.997581,0.245231,0.991763,0.355360,0.982816,0.455971,0.971878,0.547349,0.959733,0.630663,0.946884,0.429962,0.974941
"110114210032",0.253417,0.989601,0.444077,0.967602,0.634177,0.932978,0.816978,0.887379,0.927638,0.852888,1.096610,0.791258,0.752122,0.905302
"110114210036",0.071307,0.994719,0.124631,0.983834,0.171366,0.969389,0.216843,0.950879,0.258122,0.930203,0.297905,0.906679,0.205093,0.956113
"110114210037",0.120144,0.975405,0.212022,0.922942,0.270852,0.873500,0.310696,0.832579,0.339956,0.798192,0.365151,0.765538,0.282308,0.862154
"110115210003",0.097296,0.993888,0.166086,0.982130,0.217674,0.969211,0.254986,0.957621,0.279835,0.948767,0.307530,0.937864,0.231781,0.965070
"110115210004",0.183792,0.928543,0.275702,0.843753,0.331385,0.780729,0.381411,0.718912,0.426483,0.659765,0.479204,0.584051,0.359770,0.746680
"110115210006",0.142710,0.989528,0.231280,0.973388,0.300283,0.956626,0.366489,0.937397,0.430397,0.916061,0.492630,0.892954,0.347914,0.942707
"110115210008",0.044652,0.972994,0.049655,0.966968,0.049990,0.967063,0.061697,0.950641,0.067332,0.942148,0.072998,0.932937,0.058634,0.955148
"110115210010",0.089110,0.939091,0.143161,0.841796,0.185949,0.731466,0.225768,0.602561,0.262252,0.462629,0.293140,0.327970,0.211617,0.652314
"110115210012",0.218258,0.896752,0.252534,0.869394,0.286864,0.840689,0.331575,0.798849,0.381825,0.747629,0.426739,0.701460,0.324433,0.802848
"110115210015",0.226821,0.970361,0.343514,0.932785,0.448272,0.887029,0.546953,0.834330,0.630849,0.783059,0.720369,0.721610,0.514207,0.852821
"110115210019",0.108932,0.961546,0.176984,0.898299,0.227466,0.831546,0.274260,0.754967,0.317057,0.672871,0.359000,0.581108,0.258055,0.783518
"110115210021",0.142312,0.994840,0.259159,0.982830,0.367994,0.965244,0.472418,0.942447,0.573730,0.914631,0.670152,0.882764,0.451716,0.947465
"110115210022",0.123113,0.945830,0.168313,0.899747,0.205358,0.853042,0.231575,0.816612,0.248623,0.793919,0.278922,0.747031,0.215598,0.840814
"110115210025",0.149682,0.991576,0.240679,0.978450,0.328991,0.960168,0.415425,0.937164,0.487619,0.914243,0.560354,0.887761,0.390067,0.944313
"110116210001",0.258601,0.998450,0.497708,0.994158,0.726884,0.987314,0.946942,0.978061,1.155784,0.966656,1.358492,0.952957,0.905629,0.980124
"110116210002",0.215546,0.998683,0.437130,0.994504,0.662223,0.987189,0.887073,0.976636,1.106736,0.963012,1.323902,0.946125,0.860287,0.978202
"110116210003",0.234354,0.998810,0.469679,0.995145,0.698091,0.989098,0.921864,0.980660,1.138983,0.969932,1.355719,0.956567,0.889564,0.982145
"110116210004",0.109243,0.995266,0.158119,0.990232,0.198289,0.984865,0.246812,0.976872,0.292093,0.968032,0.335757,0.958248,0.236369,0.978642
"110116210008",0.396887,0.995885,0.765402,0.984368,1.105203,0.966596,1.399573,0.944909,1.657330,0.920271,1.904389,0.891016,1.310030,0.952288
"110117210001",0.250258,0.997373,0.443720,0.991688,0.637331,0.982727,0.825197,0.970817,1.007477,0.956122,1.185109,0.938713,0.792270,0.973201
"110117210004",0.768452,0.947657,1.007977,0.910400,1.208516,0.871868,1.326750,0.846494,1.394324,0.831469,1.480433,0.811040,1.222234,0.869470
"110117210006",0.299232,0.995415,0.429648,0.990554,0.566640,0.983592,0.724602,0.973203,0.854022,0.962772,0.995785,0.949312,0.688138,0.975817
"110117210007",0.197210,0.998343,0.387866,0.993559,0.569264,0.986052,0.746669,0.975875,0.917238,0.963367,1.086530,0.948253,0.717958,0.977759
"110117210014",0.607368,0.995938,1.106682,0.986329,1.580051,0.971735,2.074227,0.950567,2.543363,0.924522,2.980294,0.894682,1.989283,0.954869
"110117210015",0.350504,0.997806,0.666426,0.992037,0.981269,0.982650,1.296264,0.969560,1.593820,0.953723,1.889422,0.934576,1.246351,0.971939
"110117210016",0.341471,0.998256,0.685679,0.992919,1.030834,0.983871,1.373335,0.971150,1.701947,0.955331,2.023446,0.936315,1.324537,0.973278
"110117210020",0.299844,0.998143,0.582107,0.992952,0.855826,0.984661,1.124168,0.973354,1.380626,0.959522,1.632023,0.943003,1.079705,0.975517
"110117210022",0.551690,0.979686,0.895851,0.946163,1.181536,0.905871,1.423100,0.862746,1.633341,0.818188,1.812805,0.774752,1.321755,0.881901
"110228210001",0.509699,0.988825,0.892385,0.964848,1.231599,0.931190,1.522230,0.891793,1.749095,0.852685,1.936663,0.813371,1.396433,0.910237
"110228210002",0.649129,0.953960,1.048176,0.880741,1.326106,0.810135,1.539938,0.745047,1.728198,0.679884,1.922529,0.604645,1.433689,0.778369
"110228210003",0.274496,0.997583,0.523270,0.991062,0.748552,0.981370,0.960813,0.968682,1.156530,0.953639,1.338281,0.936489,0.909323,0.972213
"110228210005",0.217326,0.997765,0.424250,0.991325,0.620379,0.981090,0.804928,0.967486,0.977039,0.951008,1.140332,0.931655,0.765393,0.970890
"120107210350",0.089651,0.964200,0.142902,0.908864,0.185448,0.845938,0.220668,0.781018,0.254231,0.708029,0.286255,0.628235,0.207412,0.806816
"120107210359",0.233824,0.934968,0.400335,0.815432,0.537725,0.677165,0.649340,0.543376,0.751138,0.406633,0.836720,0.284377,0.604158,0.599011
"120108210355",0.164569,0.803565,0.241621,0.578726,0.285896,0.412077,0.321228,0.259425,0.345141,0.145688,0.354350,0.099490,0.292994,0.382176
"120108210364",0.095895,0.978758,0.162291,0.938528,0.206669,0.899108,0.242645,0.859122,0.277513,0.812954,0.308880,0.764736,0.227135,0.877253
"120108210366",1.181293,0.769563,1.187344,0.766736,1.235555,0.746916,1.306651,0.716368,1.376803,0.684461,1.468769,0.640128,1.296922,0.720853
"120109210426",1.843847,0.906770,3.070541,0.742386,4.086457,0.545228,4.905252,0.346688,5.487811,0.184364,5.892710,0.061513,4.442760,0.463294
"120110210004",0.514064,0.841735,0.813838,0.606851,0.975007,0.441060,1.043028,0.362230,1.101116,0.291345,1.158285,0.217901,0.960416,0.456908
"120110210120",0.073133,0.990425,0.117681,0.974900,0.152289,0.957397,0.183639,0.937178,0.210339,0.916325,0.234647,0.894148,0.170984,0.945911
"120110210122",0.115123,0.955497,0.176754,0.894818,0.218320,0.839031,0.252665,0.785260,0.281389,0.734514,0.309849,0.678845,0.234477,0.815249
"120110210129",0.160538,0.839541,0.264423,0.564655,0.336773,0.297422,0.383972,0.091780,0.424457,-0.098319,0.462592,-0.288273,0.353718,0.230666
"120111210303",0.133635,0.934386,0.227189,0.808018,0.293999,0.674318,0.345080,0.545350,0.382894,0.432240,0.421381,0.302087,0.316006,0.621092
"120111210304",0.376172,0.923622,0.551849,0.835437,0.663560,0.761598,0.760327,0.687884,0.864896,0.594934,0.955267,0.504009,0.721135,0.718677
"120111210305",0.172600,0.493711,0.213829,0.219807,0.230575,0.084606,0.238203,0.013078,0.260708,-0.196173,0.263480,-0.229585,0.231952,0.068036
"120111210312",0.310802,0.738406,0.439163,0.476647,0.483373,0.364507,0.521116,0.259739,0.539540,0.204903,0.556410,0.152746,0.482246,0.366852
"120112210023",0.076616,0.981377,0.123603,0.951265,0.155336,0.922467,0.181158,0.893861,0.209500,0.856997,0.232617,0.822391,0.171317,0.905449
"120112210036",0.140638,0.880333,0.198900,0.760827,0.233883,0.669368,0.260384,0.590217,0.292445,0.483071,0.315152,0.399543,0.247213,0.630522
"120112210105",0.375074,0.929677,0.644410,0.792324,0.912224,0.580913,1.160163,0.318702,1.254917,0.197309,1.360041,0.041486,1.013131,0.484970
"120112210107",0.132458,0.823803,0.193186,0.621919,0.226155,0.478916,0.254288,0.339089,0.271940,0.242350,0.283969,0.170124,0.232832,0.447866
"120112210108",0.330017,0.729695,0.405043,0.597618,0.473427,0.456886,0.522304,0.346726,0.569382,0.232565,0.595991,0.168567,0.491478,0.418313
"120112210109",0.696948,0.886813,1.025054,0.755348,1.247943,0.637617,1.412622,0.535698,1.555289,0.437150,1.674442,0.347581,1.310980,0.599952
"120112210110",0.297386,0.780082,0.419760,0.552311,0.500698,0.342057,0.559776,0.140829,0.610418,-0.080385,0.648102,-0.301873,0.519829,0.266428
"120112210112",0.066882,0.970188,0.102841,0.929794,0.138912,0.872432,0.174986,0.798629,0.212470,0.704955,0.244567,0.611986,0.168287,0.813574
"120113210006",0.139269,0.809678,0.188846,0.640037,0.218678,0.505115,0.242295,0.378610,0.277965,0.162013,0.299612,0.001320,0.234029,0.427840
"120114210009",0.117546,0.530836,0.147299,0.262591,0.154485,0.183664,0.157653,0.141179,0.173815,-0.045606,0.180172,-0.123754,0.156475,0.159795
"120115210010",0.874702,0.971724,1.236375,0.943660,1.515636,0.915513,1.749872,0.887545,1.952047,0.860181,2.131566,0.833358,1.633350,0.901925
"120116210052",0.201057,0.887241,0.312165,0.728447,0.391752,0.572827,0.459052,0.414276,0.521411,0.245519,0.569832,0.100087,0.427911,0.490808
"120116210054",0.040335,0.903429,0.058038,0.799273,0.069835,0.708389,0.082950,0.589121,0.094767,0.464886,0.102062,0.379747,0.077621,0.641004
"120116210061",0.351717,0.708507,0.504392,0.401029,0.560645,0.260944,0.566226,0.247276,0.573133,0.229162,0.595828,0.166394,0.532613,0.333296
"120116210063",0.023273,0.981504,0.035687,0.957213,0.046908,0.927204,0.058101,0.889971,0.069159,0.846063,0.079408,0.799119,0.055498,0.898715
"120116210064",0.097920,0.913768,0.151633,0.796037,0.190091,0.684096,0.225986,0.560007,0.253548,0.453625,0.284850,0.318772,0.210242,0.617356
"120116210068",0.319818,0.976014,0.556645,0.928410,0.754813,0.870372,0.932281,0.805390,1.095834,0.735401,1.245354,0.663613,0.875860,0.827140
"120116210069",0.199339,0.950544,0.296526,0.890278,0.375095,0.823922,0.441982,0.754815,0.501627,0.683192,0.526221,0.650209,0.405876,0.793585
"120116210075",0.073428,0.532669,0.113640,-0.138352,0.138430,-0.727347,0.161632,-1.381282,0.175976,-1.851783,0.194673,-2.527560,0.148582,-0.989820
"120116210076",0.142445,0.102476,0.163804,-0.210422,0.165741,-0.269295,0.176744,-0.436679,0.179586,-0.469120,0.199005,-0.788165,0.172088,-0.342044
"120221210003",0.146601,0.915974,0.237209,0.780867,0.305072,0.638718,0.354897,0.512295,0.393001,0.403090,0.420297,0.318377,0.323491,0.593972
"120221210036",0.109181,0.921409,0.195955,0.762579,0.259380,0.610664,0.310453,0.479657,0.357892,0.350947,0.393883,0.257353,0.287868,0.538977
"120221210037",0.129001,0.869087,0.197620,0.689360,0.230424,0.572604,0.246609,0.504343,0.257739,0.451291,0.265025,0.410850,0.225933,0.586214
"120221210039",0.164528,0.860322,0.223644,0.740667,0.239060,0.695925,0.266796,0.619112,0.291476,0.542832,0.313905,0.466874,0.255089,0.655166
"120221210041",0.138267,0.902711,0.195147,0.808160,0.238184,0.716123,0.280389,0.609124,0.317035,0.503461,0.351741,0.392314,0.263560,0.653278
"120221210042",0.113651,0.940928,0.160904,0.881870,0.187606,0.838814,0.215283,0.786645,0.238094,0.737484,0.258070,0.689620,0.201510,0.813161
"120221210044",0.101937,0.965254,0.160390,0.912832,0.217556,0.836795,0.268309,0.747345,0.325070,0.621913,0.362972,0.519387,0.255882,0.771977
"120221210046",0.234090,0.849511,0.312497,0.730098,0.337541,0.682926,0.361749,0.633323,0.384726,0.582147,0.401768,0.540669,0.343191,0.671007
"120221210049",0.426936,0.819282,0.609335,0.608212,0.741754,0.374825,0.845601,0.113687,0.938861,-0.211299,1.021415,-0.614725,0.789890,0.255184
"120221210051",0.117730,0.955209,0.165859,0.911067,0.197266,0.874198,0.230596,0.828164,0.257539,0.785774,0.290882,0.726925,0.217714,0.846852
"120221210214",0.222671,0.879031,0.371721,0.663145,0.455798,0.493830,0.499150,0.393539,0.524849,0.330084,0.542539,0.284682,0.449903,0.507118
"120221210346",0.122823,0.947647,0.177775,0.891074,0.200102,0.862941,0.223409,0.830254,0.251508,0.786344,0.273035,0.749875,0.213284,0.844775
"120222210001",0.295273,0.790133,0.459941,0.490097,0.561912,0.237905,0.624612,0.057311,0.651246,-0.026066,0.658568,-0.050770,0.557143,0.250407
"120222210024",0.236579,0.767136,0.339412,0.527390,0.388401,0.382485,0.437045,0.217014,0.491342,0.008449,0.535116,-0.167538,0.416253,0.288526
"120222210044",0.080015,0.992497,0.129595,0.980064,0.170576,0.964986,0.209986,0.946166,0.245360,0.925338,0.278003,0.902518,0.197431,0.952730
"120222210045",0.254490,0.938424,0.400078,0.847074,0.497431,0.762560,0.566628,0.690409,0.634324,0.610070,0.676123,0.554559,0.524856,0.735027
"120222210103",1.198937,0.765567,1.533505,0.652455,1.646772,0.629828,1.740331,0.614978,1.989115,0.520389,2.108807,0.485723,1.728841,0.602722
"120222210107",0.084141,0.968437,0.123960,0.931791,0.163318,0.881986,0.203223,0.817945,0.244052,0.738287,0.280691,0.654989,0.194459,0.832976
"120222210113",0.145821,0.909276,0.215780,0.802516,0.242657,0.751699,0.269439,0.695630,0.312935,0.592187,0.352922,0.484741,0.265137,0.704695
"120222210117",0.100265,0.827619,0.166987,0.520752,0.212743,0.219704,0.251950,-0.098539,0.281983,-0.382648,0.297056,-0.540471,0.228922,0.094153
"120222210118",0.310380,0.904230,0.465816,0.782654,0.571778,0.670012,0.649048,0.571510,0.685757,0.517993,0.755122,0.411097,0.593637,0.642892
"120222210127",0.064547,0.986046,0.118197,0.952862,0.163152,0.909556,0.202051,0.860435,0.235266,0.809687,0.265513,0.756171,0.188509,0.878961
"120222210131",1.360268,0.730667,1.918686,0.454141,2.265125,0.223658,2.570047,-0.024553,2.811207,-0.256503,2.998778,-0.462841,2.386181,0.126962
"120222210135",1.172865,0.880940,1.618378,0.774116,1.870576,0.699576,2.028981,0.648161,2.110256,0.620999,2.283982,0.558126,1.883274,0.696234
"120222210136",0.442710,0.884744,0.758459,0.658903,0.955119,0.459087,1.097039,0.286397,1.194210,0.154382,1.253358,0.068542,0.990836,0.418673
"120222210140",0.303766,0.823512,0.441058,0.630844,0.514173,0.501573,0.581693,0.365279,0.638443,0.239055,0.683101,0.132750,0.544917,0.441543
"120222210141",0.335052,0.772170,0.520879,0.446327,0.644161,0.148608,0.736376,-0.118343,0.806350,-0.348401,0.853394,-0.518910,0.673207,0.067858
"120222210142",0.205605,0.875133,0.278645,0.786542,0.332854,0.709579,0.403328,0.589141,0.441474,0.524121,0.483640,0.446916,0.370178,0.644555
"120222210143",0.116324,0.815252,0.191791,0.633906,0.246994,0.527566,0.295416,0.448235,0.340946,0.380768,0.382703,0.322612,0.277278,0.468387
"120222210153",0.161841,0.818712,0.223885,0.683795,0.264783,0.584527,0.290924,0.518267,0.324336,0.418094,0.339612,0.375419,0.274346,0.554669
"120222210155",0.339150,0.877148,0.432932,0.799658,0.458821,0.774830,0.490404,0.742650,0.523280,0.706892,0.563233,0.660494,0.473378,0.760329
"120222210162",0.171922,0.784070,0.223324,0.637689,0.239578,0.581516,0.266245,0.482364,0.287145,0.396679,0.301027,0.337454,0.251921,0.536799
"120223210044",0.082730,0.869858,0.112240,0.760359,0.136344,0.645753,0.166662,0.469629,0.187411,0.332251,0.202412,0.224128,0.153606,0.551208
"120223210049",0.419720,0.887304,0.671970,0.713052,0.822810,0.572652,0.888362,0.505118,0.947124,0.441108,1.014748,0.362531,0.818603,0.578444
"120223210057",0.125420,0.707663,0.177984,0.410882,0.204475,0.221267,0.231702,-0.002395,0.251058,-0.181934,0.263679,-0.312090,0.213703,0.147024
"120223210067",0.096551,0.907998,0.139938,0.806400,0.166471,0.725576,0.189391,0.644401,0.205694,0.580344,0.217065,0.532535,0.174606,0.698156
"120223210069",0.146341,0.830910,0.190133,0.712303,0.212941,0.635624,0.239006,0.536927,0.251145,0.484542,0.261752,0.435790,0.220462,0.608023
"120224210009",0.027912,0.976468,0.043097,0.943744,0.056430,0.903230,0.072415,0.842827,0.083945,0.791248,0.095701,0.731847,0.067417,0.863923
"120224210029",0.064176,0.888245,0.107330,0.686054,0.139258,0.471372,0.164105,0.266788,0.184928,0.068038,0.196867,-0.057340,0.149954,0.387611
"120224210030",0.098161,0.911215,0.159536,0.765289,0.190778,0.663968,0.215259,0.574612,0.234464,0.498191,0.249680,0.434306,0.197636,0.641621
"120224210032",0.163318,0.841283,0.245082,0.639996,0.279776,0.527985,0.310239,0.416275,0.330367,0.334908,0.351124,0.245235,0.287574,0.500299
"120224210033",0.414632,0.802904,0.569137,0.638421,0.655829,0.535351,0.711942,0.472288,0.761252,0.419294,0.809633,0.367885,0.666811,0.531463
"120224210034",0.221860,0.725030,0.286112,0.549770,0.313566,0.468773,0.326542,0.436225,0.333004,0.426443,0.346927,0.390098,0.307486,0.496305
"120224210037",0.240607,0.736594,0.335435,0.488532,0.380362,0.343398,0.399909,0.276781,0.405552,0.259419,0.400909,0.278612,0.365197,0.396631
"120224210138",0.175270,0.958184,0.265813,0.903882,0.336115,0.846427,0.384066,0.799614,0.420584,0.759969,0.446386,0.730027,0.350715,0.832899
"120224210214",0.148870,0.968266,0.258728,0.903497,0.342345,0.829705,0.411192,0.752162,0.469650,0.673747,0.512892,0.607413,0.378376,0.791084
"120224210220",0.108436,0.933321,0.162503,0.850264,0.194042,0.785908,0.224405,0.713023,0.262767,0.605367,0.288021,0.524763,0.215321,0.736230
"120224210222",0.223478,0.783331,0.330881,0.519760,0.390406,0.331770,0.422796,0.217024,0.446070,0.129814,0.472545,0.025144,0.390059,0.334944
"120224210223",0.332003,0.191474,0.426001,-0.339606,0.434388,-0.401816,0.439368,-0.442964,0.447309,-0.502441,0.449934,-0.525679,0.423861,-0.337422
"120224210228",0.100553,0.990567,0.169896,0.972746,0.212686,0.956733,0.249496,0.939841,0.282647,0.921930,0.312582,0.903374,0.231905,0.948370
"120224210230",0.140079,0.872381,0.205251,0.723877,0.251917,0.580862,0.275601,0.494712,0.288679,0.441935,0.305004,0.373159,0.251681,0.580362
"120224210237",0.188672,0.750728,0.274383,0.471426,0.312759,0.312455,0.340588,0.185126,0.362722,0.076858,0.379602,-0.009793,0.316324,0.297887
"120224210239",0.017891,0.995407,0.029441,0.987490,0.037935,0.979065,0.046705,0.967964,0.054901,0.955172,0.062856,0.940400,0.044295,0.971262
"120224210240",0.117694,0.841047,0.170136,0.668719,0.212616,0.484788,0.255548,0.258737,0.282833,0.094362,0.300893,-0.023633,0.232321,0.385741
"120224210242",0.470147,0.755605,0.639459,0.545862,0.773082,0.331140,0.880080,0.127930,0.950217,-0.022340,0.996303,-0.128158,0.806434,0.270739
"120224210243",0.154301,0.656430,0.225211,0.269864,0.249055,0.111204,0.275918,-0.078865,0.301595,-0.273233,0.319932,-0.417874,0.260813,0.035130
"120224210244",0.158178,0.618304,0.171919,0.558043,0.240562,0.134545,0.298644,-0.321177,0.337238,-0.659658,0.382001,-1.107878,0.277388,-0.138279
"120224210251",0.507413,0.806890,0.805206,0.518604,0.957054,0.326122,0.984311,0.293713,1.010683,0.261790,1.081102,0.162530,0.911126,0.391910
"120224210308",0.127787,0.694614,0.185665,0.355294,0.209515,0.178762,0.223308,0.067078,0.236770,-0.048371,0.241184,-0.087248,0.207683,0.193336
"120224210312",0.157318,0.951079,0.241484,0.884969,0.301188,0.822644,0.369694,0.734769,0.429326,0.644714,0.468624,0.579566,0.345056,0.768134
"120225210011",0.426442,0.478819,0.555391,0.109574,0.661111,-0.270651,0.721482,-0.523840,0.749383,-0.655462,0.756106,-0.696992,0.657353,-0.260579
"120225210013",0.368346,0.794184,0.519121,0.602453,0.629740,0.431786,0.725713,0.266944,0.810163,0.113098,0.886795,-0.031209,0.679604,0.349859
"120225210017",0.504196,0.705944,0.743516,0.355608,0.849108,0.153135,0.848223,0.148407,0.844682,0.149013,0.876172,0.077381,0.789570,0.264869
"120225210069",1.401058,0.564797,1.856351,0.228463,1.945046,0.145142,1.836206,0.231347,1.760507,0.287256,1.692991,0.335203,1.758049,0.298692
"120225210070",0.402417,0.936614,0.565320,0.874068,0.682019,0.815442,0.756753,0.771151,0.817910,0.730744,0.871978,0.691803,0.703025,0.803153
"120225210071",1.063801,0.731393,1.463248,0.483134,1.707561,0.284135,1.768270,0.228169,1.816630,0.179635,1.837169,0.153997,1.632516,0.347559
"120225210072",0.195518,0.869360,0.278090,0.733684,0.330887,0.619995,0.361740,0.542264,0.374908,0.504298,0.386101,0.469828,0.328841,0.623088
"120225210073",0.270357,0.851794,0.416108,0.646231,0.497328,0.490801,0.549191,0.374422,0.584275,0.286663,0.610261,0.215995,0.502792,0.477613
"120225210074",0.427391,0.927192,0.607647,0.851500,0.766290,0.761730,0.857002,0.699344,0.908760,0.658967,0.968217,0.609516,0.781041,0.751374
"120225210076",0.191368,0.883954,0.270594,0.783856,0.304294,0.746002,0.340515,0.702299,0.371688,0.665237,0.402482,0.627642,0.321074,0.726633
"120225210077",0.368463,0.536681,0.502308,0.157793,0.557698,-0.006114,0.592069,-0.094341,0.615807,-0.159265,0.623025,-0.166672,0.550307,0.034799
"120225210078",0.321061,0.743208,0.463074,0.461118,0.539229,0.262982,0.599846,0.080270,0.640138,-0.056008,0.627291,-0.022208,0.544894,0.244378
"120225210114",0.416359,0.897462,0.567672,0.809588,0.646707,0.753289,0.706726,0.705993,0.756906,0.663682,0.809945,0.616064,0.663603,0.740686
"120225210216",1.232187,0.443528,1.702082,-0.080530,2.042386,-0.582767,2.309720,-1.058845,2.325087,-1.121586,2.322097,-1.151333,2.041368,-0.594785
"120225210218",0.737311,0.834254,1.063910,0.653834,1.194900,0.561235,1.216047,0.542967,1.200576,0.551836,1.253625,0.508373,1.127283,0.608026
"120225210326",0.325393,0.863122,0.353874,0.837724,0.402196,0.789918,0.473622,0.708104,0.537259,0.623675,0.588820,0.546866,0.456900,0.728647
"120225210327",0.492029,0.240064,0.655669,-0.397866,0.738688,-0.837554,0.794739,-1.200638,0.845838,-1.577560,0.868953,-1.811244,0.751217,-0.934465
"120225210328",0.106412,0.812100,0.167376,0.538405,0.204773,0.317306,0.229455,0.159368,0.244672,0.056954,0.261017,-0.073227,0.209541,0.292257
"120225210329",0.670416,0.692122,0.854060,0.527646,1.057518,0.311262,1.141000,0.233102,1.206393,0.175622,1.263928,0.126493,1.052933,0.330856
"120225210337",0.050350,0.998744,0.099704,0.995047,0.151597,0.988482,0.197104,0.980412,0.240572,0.970644,0.281943,0.959435,0.188743,0.982091
"120225210341",0.590144,0.839930,0.773250,0.723181,0.921108,0.604324,1.011846,0.519002,1.050411,0.477812,1.107580,0.415159,0.928511,0.596413
"120225210342",0.146954,0.866598,0.195076,0.765948,0.236931,0.655690,0.263392,0.575337,0.286711,0.497867,0.307596,0.422846,0.246275,0.628206
"120225210343",0.725059,0.819508,0.955502,0.708156,1.230506,0.548179,1.430814,0.426079,1.678075,0.253135,1.824554,0.159014,1.373448,0.456684
"120225210344",0.182394,0.936673,0.261104,0.869637,0.312485,0.812567,0.357757,0.753533,0.403337,0.685737,0.458769,0.592103,0.341621,0.775761
"120225210346",0.652635,0.729904,0.943304,0.433158,1.046920,0.297920,1.003668,0.351272,0.967034,0.393981,0.954796,0.405451,0.936833,0.436088
"120225210348",0.377567,0.880087,0.541627,0.753610,0.635148,0.661698,0.671013,0.622843,0.714830,0.572350,0.758540,0.518887,0.629279,0.668005
"120225210349",0.191563,0.752710,0.273678,0.494210,0.310421,0.346703,0.342704,0.200842,0.369263,0.065228,0.380646,-0.005530,0.317975,0.312264
"130108210244",0.062055,0.997055,0.093726,0.993392,0.124256,0.988593,0.159557,0.981547,0.191652,0.973835,0.223507,0.964907,0.152872,0.982921
"130108210247",0.314885,0.863792,0.453930,0.724026,0.552558,0.599019,0.631944,0.485583,0.700857,0.379108,0.762328,0.278669,0.591189,0.545596
"130108210262",0.038722,0.998489,0.074007,0.994542,0.110002,0.988082,0.141950,0.980387,0.174362,0.970767,0.210691,0.957811,0.137852,0.981433
"130123210308",0.070765,0.993739,0.121956,0.981717,0.163748,0.967609,0.198247,0.953391,0.229481,0.938679,0.259284,0.923038,0.185241,0.959016
"130129210599",0.488691,0.997251,0.906466,0.990761,1.298746,0.981459,1.660077,0.970365,2.064728,0.955119,2.449934,0.938088,1.621130,0.971445
"130132210417",0.197749,0.996161,0.381748,0.985826,0.533857,0.972533,0.643237,0.960484,0.783230,0.941922,0.911277,0.922050,0.622825,0.962822
"130132210602",0.211031,0.996156,0.356072,0.989116,0.449105,0.982773,0.516802,0.977291,0.584117,0.971107,0.639324,0.965509,0.481322,0.980261
"130133210236",0.260582,0.856622,0.424611,0.625795,0.589061,0.293008,0.735714,-0.082275,0.820787,-0.322078,0.880573,-0.492065,0.656451,0.131174
"130133210603",0.454409,0.698400,0.600288,0.477764,0.652394,0.389247,0.691592,0.321440,0.714201,0.285024,0.740895,0.240761,0.649328,0.399544
"130181210400",0.411302,0.909731,0.468720,0.883010,0.498859,0.867886,0.545412,0.842444,0.585268,0.818830,0.615523,0.799898,0.525454,0.853509
"130181210403",0.471293,0.893516,0.873075,0.632016,1.087437,0.424854,1.208480,0.283582,1.278797,0.191722,1.320096,0.132129,1.080532,0.429712
"130181210405",0.208737,0.976892,0.301253,0.951628,0.377162,0.923853,0.454558,0.888982,0.528990,0.849007,0.595373,0.807899,0.431566,0.900134
"130181210406",0.231824,0.953817,0.371325,0.881513,0.480978,0.801140,0.586794,0.703776,0.670413,0.613189,0.733819,0.536332,0.540869,0.748405
"130182210227",0.396831,0.925651,0.639637,0.810677,0.818968,0.695979,0.957346,0.593422,1.056205,0.516043,1.139202,0.449635,0.872466,0.659368
"130182210606",0.196695,0.987848,0.307047,0.970545,0.425151,0.943904,0.528690,0.913890,0.626819,0.879831,0.719944,0.842587,0.500742,0.922580
"130183210608",0.321557,0.858695,0.466348,0.698213,0.541210,0.585962,0.634220,0.419892,0.680318,0.318269,0.723282,0.212000,0.577638,0.523083
"130200210377",0.437365,0.985690,0.682957,0.964586,0.888382,0.939530,1.068418,0.911937,1.224391,0.883639,1.366587,0.854258,0.996256,0.923971
"130200210380",0.231448,0.962380,0.365608,0.906595,0.466418,0.848837,0.566951,0.777750,0.662101,0.698031,0.748955,0.614558,0.532340,0.803416
"130200210383",0.750588,0.658359,0.900528,0.508230,0.864412,0.540018,1.012900,0.368414,1.265149,0.014669,1.479879,-0.348193,1.073896,0.293782
"130200210395",0.822542,0.796006,1.273194,0.514655,1.556248,0.279969,1.741544,0.104722,1.878468,-0.034117,2.010649,-0.176192,1.593618,0.247679
"130200210441",0.284005,0.982575,0.399336,0.965991,0.505955,0.946117,0.601651,0.924803,0.697096,0.900357,0.789695,0.873768,0.572664,0.931494
"130201210445",0.237575,0.964481,0.336510,0.927768,0.402005,0.895409,0.463638,0.858682,0.534268,0.809175,0.590823,0.762389,0.443615,0.871576
"130201210458",0.269751,0.845261,0.341449,0.749901,0.381348,0.685407,0.419253,0.616488,0.456859,0.540168,0.470562,0.507035,0.395959,0.659264
"130208210438",0.232552,0.957771,0.288859,0.935689,0.363074,0.899741,0.430616,0.860921,0.499786,0.815303,0.561380,0.770327,0.409579,0.873334
"130223210470",0.348039,0.818839,0.459469,0.688432,0.582439,0.505806,0.644590,0.402318,0.649902,0.400087,0.682609,0.346786,0.571261,0.527412
"130224210490",0.500603,0.931180,0.729307,0.852126,0.888194,0.777149,1.059987,0.676522,1.201843,0.575981,1.374440,0.434416,0.995705,0.717287
"130225210428",0.079531,0.974239,0.123119,0.938930,0.164058,0.892716,0.196845,0.847203,0.225383,0.801734,0.247630,0.762887,0.180957,0.870111
"130225210447",0.116650,0.984304,0.183664,0.961403,0.244054,0.932423,0.298824,0.899561,0.347341,0.865445,0.390557,0.831246,0.277606,0.912942
"130225210449",0.348722,0.873610,0.527231,0.712058,0.650587,0.561875,0.742807,0.427328,0.802913,0.327801,0.844011,0.251320,0.671065,0.531887
"130225210450",0.227951,0.957055,0.303142,0.924245,0.354162,0.896713,0.404435,0.865162,0.456530,0.827870,0.489882,0.801089,0.381191,0.880116
"130225210452",0.089938,0.978471,0.121711,0.960877,0.157261,0.935227,0.193758,0.902520,0.231189,0.862415,0.266744,0.818421,0.185574,0.910215
"130225210453",0.202255,0.918284,0.258745,0.867353,0.301757,0.821355,0.337319,0.779277,0.373978,0.731870,0.393970,0.705956,0.316755,0.804485
"130225210502",0.193684,0.956268,0.289742,0.902466,0.359604,0.850471,0.413839,0.802970,0.464497,0.752875,0.501820,0.712707,0.382736,0.831085
"130225210504",0.138931,0.977896,0.231915,0.938754,0.305765,0.894175,0.367938,0.847735,0.423047,0.799873,0.475097,0.748905,0.340676,0.869049
"130225210515",0.189911,0.956627,0.303660,0.889764,0.375294,0.832635,0.436118,0.775435,0.491914,0.715968,0.545591,0.652245,0.405413,0.805298
"130229210427",0.373514,0.960063,0.466040,0.938514,0.509744,0.927283,0.559120,0.913518,0.592735,0.903966,0.619305,0.896436,0.524719,0.923404
"130230210478",0.126288,0.838079,0.169970,0.701669,0.200588,0.577842,0.227260,0.450833,0.252958,0.307358,0.271925,0.184813,0.212739,0.522748
"130230210485",0.527969,0.961146,0.739174,0.924879,0.892646,0.891960,1.014190,0.862499,1.151908,0.825149,1.331912,0.769594,0.972980,0.872544
"130230210491",0.216052,0.943854,0.294297,0.896622,0.357239,0.848773,0.411700,0.800452,0.465440,0.746404,0.499831,0.708933,0.384373,0.825343
"130230210494",0.105932,0.941677,0.138367,0.899303,0.158994,0.864905,0.184368,0.814351,0.211706,0.748695,0.222091,0.714194,0.174080,0.835646
"130283210472",0.153667,0.951003,0.180886,0.932852,0.227702,0.894815,0.252698,0.871905,0.287248,0.836253,0.337691,0.776179,0.246364,0.877509
"130304210544",0.090735,0.936335,0.114681,0.898720,0.120334,0.889005,0.131596,0.867851,0.150616,0.827516,0.159483,0.807123,0.129402,0.871894
"130304210547",0.112969,0.930689,0.144421,0.887534,0.147776,0.883088,0.166913,0.851971,0.196849,0.795358,0.209000,0.770566,0.165443,0.853935
"130304210550",0.117895,0.886374,0.155951,0.802588,0.148174,0.823236,0.166672,0.778279,0.198922,0.686009,0.211169,0.647932,0.168653,0.771748
"130322210354",0.236321,0.963562,0.356907,0.917407,0.438414,0.876164,0.507696,0.834968,0.563585,0.797919,0.601902,0.770942,0.465068,0.861101
"130322210356",0.124836,0.963484,0.202258,0.904896,0.254269,0.850955,0.304012,0.788603,0.339748,0.737720,0.362921,0.702566,0.275321,0.825793
"130322210521",0.148685,0.956181,0.220497,0.904078,0.253894,0.873472,0.298393,0.826159,0.347675,0.765214,0.380735,0.719662,0.284017,0.842115
"130322210522",0.158850,0.957337,0.225368,0.914495,0.249020,0.896098,0.296927,0.852948,0.342778,0.804764,0.371267,0.771460,0.281644,0.867341
"130322210531",0.153966,0.935199,0.224364,0.862650,0.253266,0.825262,0.293133,0.766215,0.329731,0.704182,0.358067,0.650815,0.275665,0.793015
"130402210207",0.371403,0.939965,0.504896,0.890284,0.653733,0.818170,0.765992,0.753268,0.838461,0.707759,0.900199,0.666629,0.693522,0.796499
"130421210212",0.108717,0.895045,0.179586,0.717385,0.234667,0.522870,0.270644,0.372081,0.290426,0.283286,0.304765,0.217714,0.239967,0.502883
"130421210213",0.289948,0.956131,0.474630,0.882719,0.629778,0.793967,0.743831,0.713080,0.813970,0.656693,0.883315,0.596769,0.666701,0.769306
"130421210214",0.365681,0.908321,0.430227,0.873825,0.541275,0.801369,0.599471,0.757655,0.635829,0.728778,0.648596,0.719195,0.544795,0.799310
"130421210215",0.540809,0.931105,0.783993,0.857197,0.903254,0.813072,0.994094,0.776757,1.072591,0.743807,1.143247,0.713144,0.923767,0.805853
"130421210216",0.075329,0.765941,0.073478,0.778617,0.083994,0.714490,0.089889,0.677594,0.096028,0.636802,0.104427,0.576327,0.087617,0.691824
"130423210224",0.239945,0.940076,0.359716,0.865757,0.425687,0.811897,0.474967,0.764997,0.513347,0.724520,0.557980,0.672483,0.439028,0.799211
"130425210193",0.125793,0.957431,0.213372,0.878555,0.287246,0.781357,0.349451,0.678060,0.407082,0.565924,0.460107,0.448164,0.324963,0.720735
"130425210194",1.112559,0.583433,1.515260,0.234899,1.661385,0.088923,1.809661,-0.071296,1.893959,-0.162791,1.958305,-0.231720,1.676688,0.075941
"130425210197",0.227713,0.823393,0.340380,0.610692,0.377569,0.527255,0.372336,0.546432,0.385019,0.521338,0.421646,0.433526,0.358190,0.577268
"130427210187",0.338679,0.975132,0.549110,0.935169,0.744871,0.881689,0.913724,0.823514,1.048506,0.769644,1.174175,0.713724,0.838671,0.850710
"130428210200",0.799963,0.961756,1.325742,0.896372,1.772828,0.817267,2.159013,0.732748,2.465586,0.656249,2.759563,0.575169,1.980994,0.773349
"130430210228",0.674288,0.906364,1.039643,0.780094,1.280172,0.670677,1.432804,0.592694,1.578475,0.511902,1.683194,0.452130,1.318757,0.652750
"130435210230",0.417595,0.978329,0.816124,0.918057,1.175895,0.831749,1.433800,0.752803,1.689725,0.660981,1.887765,0.582457,1.324373,0.788029
"130523210514",0.237700,0.967050,0.439331,0.888660,0.642656,0.763107,0.850329,0.584221,1.041628,0.371109,1.200702,0.151077,0.798701,0.630712
"130524210495",1.656716,0.836988,2.191231,0.715893,2.570918,0.610071,2.876815,0.513066,3.140141,0.421278,3.385478,0.328871,2.687169,0.574564
"130524210497",0.244448,0.844039,0.272478,0.804593,0.302532,0.757824,0.320269,0.728095,0.299783,0.760694,0.348120,0.676153,0.299044,0.763645
"130525210505",1.996646,0.922912,3.371254,0.782958,4.262100,0.657272,4.831528,0.563959,5.161084,0.506933,5.363295,0.471666,4.301599,0.651965
"130525210510",0.368320,0.575749,0.389127,0.532846,0.429612,0.437854,0.447512,0.397639,0.455421,0.384232,0.499295,0.269460,0.432682,0.433201
"130525210511",0.520432,0.985767,0.959112,0.952137,1.379285,0.902038,1.730186,0.847512,2.057122,0.786772,2.339912,0.727174,1.608877,0.867461
"130525210512",1.101721,0.942035,1.450127,0.900720,1.788496,0.850788,2.073135,0.802021,2.323548,0.754484,2.496857,0.720222,1.923126,0.828622
"130526210540",1.338500,0.925691,2.153315,0.810314,2.725495,0.700313,3.087866,0.620643,3.322337,0.566969,3.428905,0.545232,2.759298,0.694910
"130526210605",0.725629,0.989148,1.268656,0.966515,1.830461,0.929506,2.365277,0.880716,2.892100,0.818833,3.396541,0.745422,2.241574,0.893607
"130527210518",0.335155,0.963240,0.418101,0.943179,0.521320,0.912301,0.621334,0.876391,0.718589,0.836037,0.821652,0.787451,0.592792,0.887123
"130527210519",0.255843,0.971660,0.432182,0.920311,0.580827,0.858163,0.719692,0.785326,0.857681,0.699369,0.997922,0.598560,0.681855,0.805793
"130529210500",0.402713,0.901914,0.627756,0.762831,0.824078,0.593096,0.987707,0.417615,1.104454,0.274182,1.170580,0.186965,0.888678,0.527464
"130530210546",0.469859,0.690646,0.495159,0.660617,0.533270,0.610977,0.574280,0.553937,0.580589,0.549069,0.582999,0.550020,0.540153,0.602836
"130530210548",1.382258,0.735773,1.331136,0.757566,1.737398,0.591505,2.043446,0.441157,2.268336,0.319172,2.430514,0.227346,1.901355,0.513554
"130532210527",0.547133,0.957069,0.838336,0.900040,1.144561,0.815216,1.392336,0.728774,1.625790,0.633223,1.844992,0.531514,1.300137,0.762531
"130532210530",0.134042,0.978730,0.201419,0.952462,0.285018,0.905908,0.353990,0.856617,0.425770,0.795138,0.484139,0.738463,0.334109,0.871556
"130532210532",0.907741,0.928876,1.365575,0.841234,1.714852,0.753109,1.944116,0.687137,2.125754,0.631256,2.260974,0.588858,1.771320,0.738422
"130533210498",0.053706,0.981244,0.082963,0.955539,0.119307,0.908743,0.154835,0.847525,0.187476,0.778242,0.215627,0.708975,0.145717,0.864469
"130533210541",0.381453,0.871916,0.517304,0.767664,0.609392,0.682058,0.648621,0.644853,0.662449,0.634812,0.682865,0.617540,0.590896,0.703148
"130534210534",0.240236,0.721433,0.283923,0.615391,0.312886,0.538934,0.338326,0.468179,0.354044,0.425850,0.374074,0.368325,0.319370,0.523191
"130534210535",0.253801,0.916977,0.335326,0.854575,0.412296,0.779881,0.478948,0.703239,0.538913,0.625312,0.594969,0.545374,0.448363,0.740634
"130535210506",0.231620,0.969935,0.433861,0.894851,0.587508,0.807845,0.698036,0.729806,0.792115,0.653358,0.877520,0.576144,0.637186,0.774527
"130535210513",0.542133,0.921199,0.808099,0.827182,0.937746,0.770365,0.990226,0.747419,1.025749,0.732708,1.041746,0.728159,0.904339,0.787908
"130581210516",0.317498,0.908378,0.567580,0.710517,0.734622,0.520490,0.845444,0.372023,0.938059,0.235462,1.012892,0.118338,0.767831,0.478957
"130602210019",0.244105,0.855504,0.276199,0.813116,0.327869,0.732838,0.385593,0.623809,0.440101,0.498295,0.494089,0.349439,0.369804,0.655897
"130602210040",0.395904,0.910517,0.559235,0.822670,0.695866,0.727625,0.850171,0.597025,0.964524,0.486342,1.121078,0.312979,0.796596,0.645030
"130602210121",0.358827,0.936555,0.538893,0.858103,0.680441,0.776005,0.797335,0.695882,0.866322,0.645261,0.936782,0.590435,0.719770,0.751084
"130602210132",0.376733,0.908681,0.422819,0.884945,0.512967,0.830887,0.616381,0.756084,0.706706,0.680541,0.821482,0.570275,0.593223,0.774397
"130602210136",0.223568,0.914719,0.326707,0.819446,0.428157,0.691537,0.520750,0.545624,0.595260,0.407507,0.642859,0.309134,0.476104,0.618552
"130602210146",0.468310,0.890956,0.604730,0.819389,0.726525,0.741077,0.874771,0.628572,0.946890,0.569704,1.038793,0.488333,0.796900,0.690846
"130602210153",0.462715,0.883310,0.571591,0.821935,0.676544,0.751711,0.823987,0.634778,0.908027,0.560652,1.011773,0.460133,0.762674,0.686831
"130602210155",0.367201,0.927895,0.522485,0.854607,0.610063,0.802817,0.743034,0.709671,0.830124,0.640720,0.931942,0.551470,0.689572,0.749539
"130602210158",0.399198,0.939648,0.496469,0.906300,0.617844,0.854445,0.750365,0.785068,0.864257,0.714836,1.019737,0.603290,0.718130,0.803725
"130621210036",0.389689,0.957269,0.541494,0.918433,0.679098,0.873242,0.766441,0.840548,0.845701,0.808341,0.899586,0.785988,0.705217,0.864206
"130621210037",0.465035,0.965436,0.606097,0.941287,0.755930,0.908670,0.925961,0.864132,1.008168,0.840380,1.165488,0.788654,0.851454,0.885148
"130621210120",0.289369,0.985724,0.494191,0.958387,0.706954,0.914975,0.904801,0.861008,1.069687,0.806196,1.235806,0.741976,0.840486,0.880079
"130621210121",0.466002,0.926468,0.747213,0.813531,0.931537,0.714195,1.048319,0.643022,1.108088,0.606664,1.143129,0.587143,0.932943,0.715230
"130625210055",0.903615,0.393510,1.039552,0.204823,1.171819,-0.001167,1.164806,0.019566,1.119829,0.101888,1.086464,0.162020,1.083595,0.147533
"130625210198",0.394298,0.986880,0.566158,0.973161,0.776319,0.949933,0.983001,0.920359,1.188123,0.884569,1.391010,0.842995,0.940090,0.926872
"130626210011",0.176903,0.977733,0.305521,0.933584,0.405751,0.882859,0.490929,0.828514,0.564624,0.776065,0.631588,0.723602,0.454771,0.853801
"130626210012",0.644583,0.891643,0.969899,0.757942,1.144939,0.667043,1.240091,0.614136,1.306237,0.576770,1.363040,0.544097,1.132842,0.675650
"130626210014",0.147138,0.975066,0.244547,0.932064,0.324580,0.881982,0.389719,0.832234,0.444474,0.784838,0.495650,0.736175,0.358401,0.857086
"130626210196",0.218772,0.921174,0.336329,0.816299,0.434439,0.697870,0.519901,0.573526,0.587916,0.462393,0.645048,0.361842,0.476553,0.638955
"130628210021",0.220694,0.971032,0.295659,0.948470,0.384992,0.913424,0.474207,0.869938,0.565584,0.816808,0.657277,0.755140,0.454927,0.879758
"130628210023",0.465356,0.843169,0.651114,0.695860,0.728268,0.622940,0.796124,0.552175,0.826751,0.520159,0.840171,0.507295,0.726843,0.625044
"130631210049",0.284389,0.897111,0.447762,0.747187,0.566410,0.597785,0.645636,0.478726,0.705667,0.377111,0.748907,0.296195,0.584691,0.570429
"130631210050",0.175465,0.947529,0.299469,0.849273,0.375990,0.765797,0.422743,0.708179,0.451929,0.671222,0.468984,0.645938,0.377752,0.764690
"130631210189",0.483704,0.664263,0.542941,0.581586,0.612154,0.474831,0.654728,0.407463,0.675325,0.378675,0.705724,0.321479,0.615689,0.471648
"130632210008",0.267429,0.933246,0.405944,0.848086,0.502644,0.769785,0.578497,0.698396,0.645543,0.628475,0.696154,0.572498,0.532930,0.742438
"130634210044",0.742955,-0.047003,0.745467,-0.085245,0.759550,-0.152836,0.776399,-0.226454,0.789921,-0.285395,0.809334,-0.349351,0.770483,-0.184378
"130635210033",0.651790,0.940695,1.049793,0.847567,1.344399,0.751842,1.589373,0.655279,1.807836,0.554959,1.980766,0.465745,1.466154,0.704829
"130636210047",0.216753,0.722795,0.230916,0.685274,0.254645,0.616683,0.286720,0.511870,0.324477,0.370495,0.356231,0.241255,0.281678,0.529449
"130638210005",0.510517,0.925154,0.701652,0.860502,0.856450,0.794973,0.990281,0.729734,1.064274,0.692360,1.150934,0.645343,0.900977,0.774739
"130638210053",0.283042,0.955229,0.408745,0.907922,0.541933,0.840236,0.647524,0.773983,0.733250,0.711913,0.820814,0.640677,0.597397,0.805975
"130681210059",0.437660,0.947001,0.629884,0.890222,0.773093,0.836908,0.868281,0.797074,0.954261,0.758285,1.043769,0.710814,0.807089,0.823439
"130681210061",0.135011,0.956879,0.210122,0.896757,0.252198,0.853171,0.277859,0.824151,0.302159,0.794995,0.325155,0.762603,0.257056,0.848230
"130681210063",0.246591,0.971653,0.370787,0.936393,0.491886,0.889059,0.607498,0.832507,0.722020,0.766056,0.824171,0.695177,0.574899,0.849146
"130682210018",0.222817,0.791480,0.228544,0.774755,0.240428,0.744933,0.258516,0.699359,0.272551,0.660277,0.295776,0.599913,0.253867,0.715399
"130682210174",0.180644,0.950353,0.290063,0.873668,0.404228,0.757857,0.514214,0.613261,0.610988,0.461065,0.688360,0.315928,0.478215,0.662501
"130682210175",0.195056,0.957404,0.309625,0.894180,0.425945,0.802587,0.534868,0.693202,0.639341,0.568040,0.733669,0.431176,0.504435,0.724451
"130683210003",0.520653,0.781373,0.730602,0.574688,0.894037,0.369884,0.946969,0.299687,0.955426,0.293395,0.936195,0.326966,0.842614,0.442144
"130902210035",0.113218,0.947419,0.179261,0.866253,0.236146,0.764360,0.278467,0.668110,0.305467,0.595939,0.333749,0.511998,0.252639,0.729123
"130902210039",0.187586,0.844117,0.268893,0.677866,0.326684,0.521376,0.370456,0.380338,0.386712,0.320064,0.406962,0.242190,0.333321,0.499979
"130902210041",0.168990,0.905085,0.263718,0.766670,0.326688,0.638294,0.372966,0.523321,0.399331,0.447158,0.427070,0.359978,0.338080,0.610217
"130902210042",0.166865,0.870928,0.236052,0.740079,0.292854,0.597268,0.332963,0.475619,0.348640,0.420733,0.367507,0.351212,0.299111,0.578163
"130902210043",0.165130,0.870260,0.228431,0.750089,0.282329,0.615955,0.311004,0.530650,0.315167,0.514606,0.333669,0.451846,0.278851,0.623874
"130902210481",0.072043,0.942196,0.096697,0.894570,0.110303,0.860879,0.125121,0.818299,0.129957,0.800994,0.143648,0.752911,0.115388,0.846549
"130903210131",0.304402,0.915618,0.373503,0.871276,0.435235,0.822449,0.496726,0.764482,0.543881,0.711595,0.590388,0.652113,0.467742,0.792540
"130903210152",0.308211,0.968594,0.464865,0.927677,0.569728,0.890108,0.654309,0.853305,0.722961,0.818628,0.775746,0.788336,0.603912,0.875822
"130921210073",0.280459,0.958090,0.379031,0.922787,0.430384,0.899538,0.505098,0.860279,0.567663,0.820429,0.603112,0.793574,0.473296,0.877478
"130921210077",0.113923,0.983301,0.173839,0.961031,0.231041,0.930967,0.282422,0.896496,0.329325,0.858811,0.371432,0.819855,0.264225,0.909572
"130921210078",0.118720,0.943836,0.188884,0.855707,0.234708,0.773982,0.272704,0.690422,0.303777,0.611054,0.325648,0.549796,0.250850,0.740547
"130921210079",0.208596,0.556271,0.245171,0.391218,0.263693,0.299457,0.279877,0.214936,0.288028,0.175708,0.293081,0.155651,0.264683,0.297350
"130921210085",0.133670,0.980088,0.226248,0.941973,0.299555,0.896416,0.357644,0.849553,0.400716,0.807247,0.436221,0.766534,0.325976,0.876106
"130921210089",0.131794,0.972807,0.201797,0.935642,0.257448,0.894204,0.303855,0.851064,0.340934,0.810272,0.371619,0.771684,0.280189,0.873949
"130922210137",0.200546,0.827963,0.265892,0.695349,0.315190,0.568309,0.357104,0.441281,0.373982,0.382731,0.387584,0.332151,0.323489,0.543653
"130922210138",0.146257,0.921219,0.198701,0.855122,0.230738,0.805304,0.263189,0.747546,0.289349,0.695749,0.315815,0.638492,0.246562,0.777994
"130922210142",0.218454,0.980039,0.267659,0.969491,0.305915,0.959311,0.347809,0.946423,0.390399,0.931189,0.435927,0.912582,0.334683,0.950950
"130923210093",0.242858,0.979887,0.362337,0.954943,0.467775,0.924405,0.546674,0.896024,0.603459,0.872340,0.646647,0.852234,0.498372,0.913873
"130924210476",0.112085,0.954488,0.155384,0.913170,0.187179,0.874970,0.208819,0.845680,0.227533,0.818405,0.243177,0.794524,0.194188,0.866121
"130924210477",0.036521,0.946646,0.051212,0.895382,0.057699,0.867603,0.062833,0.843751,0.069081,0.812227,0.076274,0.772736,0.060310,0.855947
"130925210160",0.213727,0.933165,0.314066,0.854428,0.381474,0.783249,0.432761,0.718342,0.472867,0.660242,0.498390,0.618485,0.397726,0.763145
"130925210162",0.344860,0.957559,0.509825,0.906168,0.611083,0.864814,0.692223,0.825018,0.754110,0.790486,0.798882,0.764337,0.636866,0.852513
"130925210165",0.574367,0.597122,0.746192,0.319370,0.824930,0.167277,0.995134,-0.213392,1.092145,-0.463153,1.157214,-0.644533,0.920998,-0.038668
"130927210134",0.583407,0.910506,0.784552,0.841127,0.992710,0.750790,1.181327,0.654300,1.364555,0.548480,1.524719,0.448219,1.119797,0.686658
"130927210135",0.406660,0.921114,0.625478,0.815432,0.765220,0.727067,0.840093,0.674804,0.865605,0.658144,0.862232,0.663974,0.746171,0.741929
"130928210094",0.280198,0.984390,0.370600,0.972744,0.450605,0.959772,0.536217,0.943088,0.612884,0.925676,0.681466,0.908091,0.507683,0.948951
"130929210159",0.083132,0.994208,0.118183,0.988293,0.161441,0.978145,0.198445,0.966941,0.228656,0.956023,0.259835,0.943072,0.185346,0.971185
"130981210065",0.186366,0.989069,0.320019,0.967636,0.430329,0.941218,0.524158,0.912360,0.602371,0.883590,0.671437,0.854463,0.484896,0.925178
"130981210069",1.243565,0.981084,2.279436,0.936668,3.176933,0.877565,3.943955,0.812435,4.559489,0.751078,5.103747,0.690482,3.633803,0.840569
"130981210070",0.126341,0.996483,0.171665,0.993596,0.221866,0.989442,0.271386,0.984395,0.321104,0.978393,0.369760,0.971632,0.260812,0.985497
"130981210072",0.551279,0.851314,0.774003,0.706815,0.882919,0.618157,0.910402,0.593455,0.925193,0.579223,0.949954,0.555240,0.843580,0.651073
"130982210143",0.226088,0.930859,0.343259,0.842410,0.439455,0.744905,0.516666,0.651304,0.563981,0.587078,0.607502,0.523145,0.468355,0.711089
"130982210144",0.312377,0.882800,0.445163,0.761990,0.517829,0.677813,0.578583,0.597513,0.588047,0.583557,0.579326,0.594926,0.513172,0.683307
"130982210145",0.179147,0.981265,0.223149,0.970600,0.277867,0.953822,0.330037,0.934028,0.381239,0.910742,0.430179,0.884640,0.315811,0.939980
"130982210147",0.136656,0.949842,0.182533,0.912784,0.224835,0.870759,0.258752,0.832793,0.290926,0.793588,0.324654,0.748824,0.244791,0.848703
"130982210151",1.520098,0.940292,2.267824,0.867112,2.868097,0.787517,3.385702,0.704075,3.826130,0.622425,4.096387,0.567657,3.124162,0.748051
"130983210118",0.336667,0.834885,0.495568,0.647471,0.610699,0.469774,0.700081,0.307007,0.762252,0.181027,0.808966,0.078679,0.639981,0.417016
"130983210486",0.120517,0.951383,0.166116,0.906806,0.208885,0.851243,0.243516,0.795797,0.264577,0.756610,0.282418,0.719960,0.220920,0.832874
"130983210487",0.097905,0.912929,0.162094,0.759537,0.207577,0.602769,0.238555,0.471610,0.264771,0.346088,0.281777,0.255969,0.218788,0.557710
"130984210101",0.071123,0.987841,0.115035,0.968231,0.149560,0.946415,0.177423,0.924774,0.198885,0.905637,0.215625,0.889254,0.162372,0.936971
"130984210105",0.149357,0.976221,0.214082,0.950905,0.270316,0.921387,0.330432,0.882023,0.386346,0.837776,0.440029,0.788289,0.314453,0.893353
"130984210109",0.218989,0.833862,0.295051,0.699688,0.350592,0.577091,0.404261,0.437859,0.424511,0.379746,0.459095,0.273412,0.367951,0.533284
"131001210336",0.103275,0.949716,0.144922,0.900160,0.184086,0.837636,0.216748,0.773300,0.244080,0.710382,0.266460,0.652059,0.201292,0.805276
"131002210316",0.361791,0.904578,0.507465,0.814589,0.614045,0.732058,0.646038,0.707106,0.685186,0.674371,0.716524,0.647844,0.600793,0.745193
"131002210327",0.119312,0.968728,0.174464,0.932680,0.201795,0.909356,0.230553,0.881044,0.255343,0.853334,0.277563,0.825763,0.216330,0.895653
"131002210328",0.061359,0.986677,0.099199,0.965294,0.136916,0.934203,0.173975,0.894468,0.210698,0.846342,0.245533,0.793189,0.166982,0.902696
"131002210471",0.113822,0.987214,0.192033,0.963330,0.259807,0.932604,0.325335,0.894230,0.389247,0.848561,0.448955,0.798748,0.309906,0.904367
"131003210322",0.089818,0.989820,0.161315,0.966831,0.220022,0.937633,0.271492,0.904004,0.317981,0.866734,0.361263,0.826911,0.254088,0.916435
"131022210313",0.357392,0.953111,0.467695,0.922872,0.544787,0.899495,0.620826,0.874570,0.685563,0.852804,0.749169,0.830586,0.585938,0.886253
"131023210348",0.302674,0.935397,0.445509,0.859920,0.539474,0.794530,0.595589,0.749620,0.610002,0.737685,0.631703,0.719311,0.533385,0.799439
"131023210352",0.577394,0.949421,0.818033,0.899337,1.027443,0.842554,1.203749,0.785717,1.359609,0.728942,1.466468,0.687279,1.114296,0.815568
"131024210342",0.449162,0.911769,0.689712,0.788277,0.822703,0.687743,0.883299,0.633874,0.930798,0.586196,0.979411,0.532119,0.812418,0.695092
"131024210343",0.512257,0.881234,0.790478,0.710398,1.002010,0.510499,1.175594,0.313914,1.325032,0.111310,1.423401,-0.044655,1.084365,0.429460
"131025210319",0.168629,0.953275,0.229602,0.912712,0.291992,0.857733,0.345040,0.799733,0.389096,0.742980,0.431968,0.680036,0.322350,0.825841
"131026210340",0.746155,0.583407,1.040666,0.179233,1.258412,-0.215324,1.464414,-0.665927,1.588374,-0.984138,1.644825,-1.153993,1.328923,-0.362604
"131026210341",0.119257,0.963002,0.194616,0.901570,0.256214,0.829539,0.305866,0.757327,0.336371,0.706742,0.374921,0.635798,0.278391,0.798837
"131081210307",0.138884,0.985337,0.236891,0.957431,0.317464,0.923909,0.390973,0.885459,0.458584,0.844029,0.522953,0.799563,0.368065,0.898547
"131082210331",2.837392,0.184321,2.832572,0.192818,2.835336,0.197013,2.902091,0.164799,2.878672,0.184050,2.839707,0.211447,2.854287,0.189073
"131082210335",1.018178,0.964690,1.620708,0.910572,2.075624,0.853530,2.420809,0.801221,2.715836,0.750559,3.025387,0.691475,2.249468,0.828345
"131102210002",0.113238,0.897480,0.182020,0.734103,0.224148,0.595275,0.248464,0.501154,0.265975,0.425759,0.283696,0.343260,0.226994,0.584101
"131102210353",0.515467,0.600704,1.190624,-1.155158,1.282371,-1.531044,1.302107,-1.652111,1.299643,-1.678935,1.275005,-1.611807,1.178720,-1.154514
"131102210357",0.294720,0.949904,0.408169,0.903746,0.502201,0.854178,0.586362,0.801361,0.666971,0.743215,0.735516,0.688167,0.553070,0.823494
"131121210295",0.139947,0.988883,0.239351,0.967526,0.333039,0.937242,0.424780,0.898150,0.506367,0.855573,0.579057,0.811414,0.399988,0.909690
"131122210292",0.610515,0.959138,0.890008,0.911830,1.049556,0.875396,1.169662,0.842832,1.253358,0.816730,1.334029,0.789189,1.075952,0.868229
"131123210288",0.541302,0.965977,0.780341,0.927098,0.969286,0.884709,1.123743,0.840971,1.252747,0.796878,1.368440,0.750535,1.041056,0.865548
"131127210271",1.084293,0.810749,1.512455,0.661592,1.724241,0.591566,1.848657,0.557144,1.890752,0.555569,1.930487,0.550414,1.690930,0.613277
"131127210277",0.570860,0.716084,0.817958,0.417100,0.985509,0.153839,1.129245,-0.110985,1.266897,-0.398344,1.389836,-0.682901,1.062860,0.015799
"131182210283",0.249797,0.753856,0.362825,0.507224,0.439670,0.300671,0.505893,0.093343,0.563241,-0.106915,0.612802,-0.295418,0.471884,0.193337
"131182210302",0.205549,0.982052,0.379007,0.937228,0.529768,0.873770,0.644080,0.807939,0.743264,0.736483,0.815733,0.672800,0.591502,0.840533
"370125210005",0.830671,0.747237,1.322050,0.358301,1.555249,0.109283,1.674954,-0.037083,1.747194,-0.133189,1.815048,-0.228251,1.531786,0.133688
"370125210006",0.592705,0.484543,0.687927,0.302616,0.715931,0.241328,0.735389,0.195708,0.743083,0.174855,0.759176,0.134400,0.707863,0.256580
"370126210003",0.561719,0.813677,0.827811,0.596628,0.959636,0.459637,1.025297,0.385224,1.071152,0.331133,1.106248,0.288859,0.943759,0.478351
"370126210006",0.266971,0.942733,0.413468,0.861341,0.538203,0.762816,0.631154,0.670483,0.692415,0.598570,0.743674,0.531790,0.571946,0.730601
"370503210002",0.062370,0.957411,0.090276,0.910887,0.115800,0.853464,0.142388,0.777996,0.166464,0.696115,0.184354,0.624193,0.133804,0.803736
"370503210003",0.029460,0.921593,0.042745,0.832273,0.053370,0.735290,0.062778,0.630445,0.072904,0.499959,0.081817,0.371791,0.059852,0.667663
"371402210001",0.881016,0.847688,1.319711,0.661779,1.536273,0.546449,1.635290,0.491249,1.655440,0.483618,1.657993,0.486869,1.474311,0.584379
"371402210004",0.294096,0.931626,0.378715,0.884287,0.442623,0.838478,0.498261,0.791239,0.535745,0.753125,0.576722,0.708121,0.464351,0.820744
"371402210009",0.173334,0.953482,0.245921,0.906154,0.306991,0.853290,0.359618,0.797603,0.401035,0.746646,0.437501,0.696170,0.333248,0.826404
"371402210012",0.233808,0.975339,0.354406,0.943720,0.446011,0.911399,0.529939,0.875585,0.601548,0.840498,0.665022,0.806291,0.493988,0.891641
"371421210001",0.198952,0.849595,0.299509,0.657324,0.366642,0.483974,0.417026,0.328269,0.453074,0.201722,0.484454,0.081042,0.382447,0.436372
"371421210002",0.867451,0.716447,1.249296,0.413500,1.380139,0.286053,1.424524,0.241200,1.432466,0.234342,1.441436,0.226215,1.315102,0.352386
"371421210006",0.149858,0.983330,0.210517,0.967788,0.264274,0.950267,0.310874,0.932553,0.357053,0.912668,0.402209,0.891051,0.295104,0.938680
"371421210007",0.235195,0.822908,0.327216,0.656164,0.388515,0.513388,0.430460,0.400137,0.450611,0.339117,0.468697,0.281066,0.391866,0.503542
"371421210008",0.219594,0.953094,0.327515,0.896056,0.410601,0.837145,0.479737,0.778288,0.533032,0.726908,0.580552,0.676608,0.442604,0.810952
"371421210009",0.659649,0.883234,0.912593,0.777835,1.093118,0.683158,1.229891,0.601300,1.347217,0.524503,1.441516,0.458821,1.141939,0.655249
"371421210010",0.542131,0.891719,0.820537,0.753697,0.975219,0.654348,1.063584,0.591242,1.112923,0.554729,1.144841,0.531044,0.965980,0.661623
"371421210012",0.440794,0.906417,0.618952,0.816922,0.728841,0.748055,0.810817,0.690534,0.878038,0.639629,0.940261,0.589589,0.755102,0.730592
"371422210001",1.013675,0.899091,1.542041,0.768717,1.800101,0.687715,1.911205,0.651050,1.939394,0.643634,1.956614,0.640147,1.726658,0.713857
"371423210001",0.089432,0.965918,0.148136,0.906902,0.197364,0.835363,0.233216,0.770596,0.259529,0.716029,0.282815,0.662214,0.212377,0.809281
"371423210002",0.186807,0.843048,0.252832,0.710039,0.299344,0.589332,0.327575,0.503821,0.347383,0.435825,0.360092,0.389720,0.301682,0.581239
"371423210003",0.172798,0.670395,0.180441,0.646476,0.211638,0.519600,0.219702,0.485568,0.218548,0.492153,0.212832,0.518359,0.203526,0.554607
"371424210001",0.359961,0.879656,0.543405,0.726640,0.656656,0.602235,0.727246,0.513590,0.771312,0.454297,0.809410,0.400414,0.662698,0.595438
"371424210002",1.142574,0.568973,1.553032,0.205384,1.703081,0.046752,1.725395,0.024017,1.701966,0.052349,1.680657,0.077701,1.597715,0.161980
"371424210004",0.246547,0.937438,0.372073,0.857942,0.456862,0.786403,0.514298,0.730039,0.556283,0.684776,0.586909,0.649879,0.470171,0.774023
"371424210007",0.211259,0.822490,0.323487,0.583021,0.386437,0.404601,0.416153,0.309812,0.444195,0.214144,0.480663,0.078551,0.387328,0.402358
"371425210001",0.231899,0.952133,0.365555,0.882096,0.454495,0.819217,0.510153,0.773861,0.549656,0.739059,0.582479,0.708702,0.464692,0.811546
"371425210006",1.039895,0.722397,1.375664,0.513090,1.602136,0.338117,1.796562,0.166057,1.952404,0.012827,2.074818,-0.116885,1.677551,0.273673
"371426210001",0.286436,0.784087,0.401925,0.574582,0.480530,0.391635,0.532183,0.253739,0.567859,0.150361,0.609372,0.022024,0.491853,0.362819
"371426210002",0.246535,0.887670,0.384582,0.726981,0.480064,0.574854,0.534394,0.473226,0.570345,0.400175,0.602781,0.329761,0.485345,0.565314
"371426210003",0.471767,0.858001,0.712147,0.677501,0.823351,0.570314,0.875339,0.515831,0.907639,0.480887,0.935315,0.450296,0.803375,0.591491
"371427210001",0.485783,0.939078,0.747645,0.860921,0.956093,0.780560,1.104974,0.716766,1.216767,0.667696,1.286072,0.640389,1.005364,0.761660
"371427210004",0.786716,0.817294,1.214809,0.570358,1.447030,0.397527,1.569477,0.298533,1.618741,0.262023,1.643710,0.247523,1.412677,0.428526
"371427210005",0.474968,0.829056,0.689559,0.641496,0.782341,0.540949,0.841149,0.472007,0.881840,0.423046,0.921322,0.373191,0.779653,0.545329
"371427210006",0.433624,0.974715,0.619266,0.948925,0.763635,0.923053,0.885728,0.897437,0.998419,0.870826,1.100190,0.844548,0.831307,0.909279
"371427210007",0.404590,0.925076,0.595068,0.838482,0.722645,0.762631,0.804214,0.706996,0.883979,0.647067,0.957902,0.586840,0.751196,0.743886
"371428210003",0.324505,0.971891,0.437294,0.950687,0.522087,0.932060,0.601545,0.912459,0.659956,0.897242,0.728229,0.878669,0.562260,0.922261
"371428210006",0.387510,0.941071,0.626534,0.846573,0.774606,0.766386,0.867087,0.708274,0.924364,0.669406,0.974659,0.633497,0.785172,0.760292
"371481210006",0.276295,0.950384,0.428155,0.882439,0.528844,0.822993,0.589373,0.782954,0.646117,0.742237,0.705219,0.696443,0.547950,0.811117
"371481210007",0.240118,0.967243,0.363250,0.925505,0.457465,0.882560,0.538491,0.838181,0.611204,0.792613,0.677084,0.746744,0.503466,0.858126
"371481210008",0.263701,0.884760,0.394469,0.742785,0.477640,0.623651,0.523227,0.549175,0.553618,0.495643,0.586983,0.433499,0.479252,0.621207
"371481210010",0.098957,0.971307,0.142530,0.941834,0.168356,0.920676,0.189012,0.902159,0.216216,0.874527,0.240755,0.847356,0.182066,0.908197
"371481210011",0.188399,0.919265,0.295852,0.801447,0.381276,0.671287,0.449735,0.544227,0.507735,0.421144,0.553651,0.314134,0.415327,0.610750
"371482210004",0.335233,0.855341,0.452224,0.738547,0.571368,0.585526,0.651326,0.465383,0.722074,0.347489,0.772865,0.258380,0.601542,0.542346
"371482210005",0.329461,0.861266,0.490874,0.691048,0.583763,0.562309,0.637480,0.477507,0.674020,0.415490,0.692480,0.382657,0.581735,0.565471
"371502210001",0.305160,0.922296,0.446861,0.836316,0.553847,0.752783,0.629458,0.685757,0.689362,0.628719,0.739283,0.579097,0.579875,0.731052
"371502210004",0.498107,0.820942,0.742927,0.601948,0.851081,0.477673,0.907879,0.405116,0.941730,0.358721,0.962531,0.328063,0.832862,0.499096
"371502210007",0.307406,0.981252,0.452598,0.959682,0.584648,0.933220,0.701896,0.904405,0.802098,0.875924,0.895787,0.846074,0.655695,0.916305
"371502210008",0.401181,0.924421,0.597761,0.831992,0.727802,0.750677,0.806334,0.693535,0.861009,0.649997,0.897327,0.618834,0.735376,0.745262
"371502210010",0.363899,0.943490,0.525222,0.881515,0.635473,0.825648,0.705119,0.784608,0.764090,0.746298,0.814722,0.709658,0.652802,0.815970
"371502210011",0.511204,0.929800,0.756387,0.846662,0.915871,0.775430,1.031542,0.715329,1.130172,0.658014,1.231392,0.591740,0.960032,0.752964
"371521210001",0.949251,0.892592,1.325894,0.791396,1.531714,0.722841,1.630151,0.686945,1.720896,0.652620,1.801461,0.620875,1.520381,0.727352
"371521210002",0.567287,0.726483,0.748494,0.524637,0.850708,0.387240,0.904288,0.308308,0.941104,0.251249,0.982207,0.185008,0.843989,0.396855
"371522210002",0.098336,0.973290,0.136106,0.950537,0.163054,0.931403,0.189684,0.910119,0.211179,0.891926,0.231070,0.874277,0.177366,0.920170
"371522210004",0.802936,0.398465,1.013191,0.052923,1.080872,-0.066342,1.091876,-0.076874,1.063252,-0.009562,1.009505,0.100192,1.014999,0.065157
"371522210006",1.077041,0.911218,1.586147,0.807448,1.876214,0.730517,2.042873,0.680289,2.178837,0.636142,2.353460,0.575134,1.899802,0.723589
"371523210004",0.634971,0.961003,1.011378,0.902217,1.241621,0.854270,1.366362,0.825377,1.445015,0.806640,1.504769,0.792323,1.237406,0.856006
"371524210001",0.399376,0.926577,0.582011,0.845599,0.729879,0.759236,0.822603,0.696882,0.888220,0.649001,0.945362,0.605184,0.751696,0.745613
"371524210002",0.890590,0.821282,1.305268,0.616790,1.493190,0.499859,1.576648,0.444392,1.611862,0.421421,1.627899,0.411802,1.441091,0.535395
"371524210003",0.780177,0.876863,0.977768,0.807639,1.118545,0.749606,1.213288,0.706931,1.295190,0.667583,1.373271,0.627886,1.143919,0.738802
"371525210001",0.276748,0.931626,0.393547,0.860077,0.483069,0.786652,0.543863,0.726163,0.587051,0.676917,0.627443,0.625795,0.499821,0.770263
"371525210003",0.876730,0.936234,1.372309,0.846584,1.655658,0.780641,1.799680,0.745286,1.940696,0.708709,2.081464,0.670259,1.669867,0.778837
"371526210001",0.438734,0.887514,0.622873,0.775770,0.725390,0.699087,0.779219,0.656282,0.814235,0.628108,0.846714,0.601298,0.718069,0.706524
"371526210004",0.365811,0.959387,0.574900,0.900949,0.739259,0.838123,0.861639,0.782408,0.960744,0.732167,1.045907,0.685629,0.792696,0.814772
"371526210006",0.322322,0.952920,0.470354,0.900162,0.581563,0.847940,0.660788,0.804347,0.723152,0.767211,0.776402,0.733345,0.609061,0.833823
"371581210001",0.397739,0.926227,0.566321,0.853947,0.670207,0.800189,0.743164,0.759918,0.813248,0.718977,0.862373,0.690810,0.693475,0.788744
"371581210003",1.395349,0.891156,2.023525,0.773440,2.408420,0.682201,2.653943,0.617818,2.826330,0.567149,2.943925,0.530921,2.435846,0.675200
"371581210004",0.714570,0.949082,1.185557,0.863491,1.525841,0.779706,1.741582,0.720173,1.944607,0.659578,2.123408,0.603610,1.610787,0.757779
"371581210005",0.904241,0.792305,1.291161,0.578967,1.448004,0.473197,1.527330,0.416603,1.580016,0.378042,1.633475,0.337912,1.418855,0.495146
"371581210006",0.721122,0.948411,1.159985,0.869200,1.442951,0.801546,1.619637,0.754662,1.763002,0.714500,1.894864,0.675904,1.487145,0.791206
"371603210001",0.105397,0.885885,0.172297,0.695264,0.220622,0.501024,0.255048,0.334849,0.281301,0.193537,0.299122,0.091123,0.232064,0.449249
"371603210002",0.572976,0.702889,0.634192,0.633897,0.794940,0.362999,0.901064,0.179578,0.992450,0.004060,1.058135,-0.131626,0.844487,0.306051
"371603210004",0.074683,0.900622,0.108092,0.792149,0.133333,0.684055,0.156155,0.566415,0.177344,0.440287,0.195040,0.321951,0.146580,0.617750
"371603210006",0.149023,0.918877,0.238337,0.793243,0.291396,0.691819,0.322008,0.624579,0.343975,0.572102,0.359754,0.532707,0.293074,0.688392
"371621210001",0.217583,0.953754,0.335023,0.890295,0.431099,0.818146,0.502213,0.752846,0.556580,0.695688,0.603825,0.641365,0.460440,0.792356
"371621210005",0.150016,0.847844,0.213708,0.692372,0.263517,0.534259,0.270408,0.511545,0.276508,0.491301,0.280654,0.478024,0.246495,0.593286
"371621210006",0.202187,0.925505,0.308445,0.824341,0.387300,0.720616,0.440343,0.636609,0.483746,0.556844,0.528788,0.466225,0.406929,0.690772
"371621210010",0.309252,0.901472,0.466189,0.776953,0.557186,0.682402,0.608606,0.621996,0.646791,0.573698,0.672848,0.539297,0.557508,0.682146
"371621210012",0.271603,0.927778,0.416772,0.830472,0.523922,0.732764,0.596353,0.654961,0.655031,0.585305,0.703456,0.524400,0.547953,0.708605
"371622210001",0.161099,0.911281,0.216778,0.838289,0.261902,0.762348,0.289486,0.707501,0.302855,0.677354,0.322395,0.631154,0.264890,0.755944
"371622210004",0.205328,0.826330,0.311556,0.600926,0.375645,0.422045,0.404652,0.332693,0.422614,0.275103,0.441648,0.211164,0.369174,0.443619
"371623210001",0.086611,0.903428,0.120080,0.814666,0.146000,0.726443,0.166579,0.644263,0.176887,0.599289,0.185239,0.561307,0.150880,0.707991
"371623210002",0.101095,0.934387,0.151083,0.853518,0.193577,0.759508,0.227702,0.667023,0.256275,0.577913,0.281201,0.491058,0.210997,0.714105
"371624210001",0.134046,0.915807,0.211570,0.789253,0.267467,0.661954,0.307365,0.551411,0.338690,0.452066,0.359915,0.376591,0.280770,0.626271
"371624210004",0.252468,0.876124,0.389781,0.703221,0.478400,0.550613,0.535830,0.433181,0.562724,0.371382,0.577465,0.333806,0.479891,0.546512
"371624210005",1.156459,0.950904,1.607028,0.904477,1.929195,0.860884,2.167419,0.822168,2.311228,0.795048,2.493290,0.760728,1.995733,0.850314
"371624210006",0.117581,0.978732,0.165851,0.957612,0.206229,0.934328,0.238737,0.911727,0.266906,0.889257,0.290990,0.867778,0.222400,0.923481
"371624210007",0.211605,0.852336,0.324234,0.650247,0.404573,0.451170,0.457172,0.292873,0.494739,0.163985,0.521017,0.062606,0.416096,0.416507
"371625210006",1.028709,0.787426,1.601115,0.485567,1.855568,0.309651,2.007209,0.192768,2.125940,0.094960,2.242205,-0.006222,1.854766,0.310367
"410502210001",0.363017,0.926473,0.604824,0.794184,0.727156,0.700017,0.744098,0.683235,0.755031,0.671077,0.784795,0.641603,0.680608,0.736045
"410522210003",2.758763,0.868991,3.530219,0.785704,4.007855,0.724555,4.240054,0.692465,4.457315,0.660831,4.796177,0.608007,4.020472,0.723159
"410522210004",0.547582,0.982492,0.893930,0.952924,1.126741,0.924550,1.307472,0.897473,1.458795,0.871116,1.596669,0.843985,1.207989,0.912910
"410523210001",0.770301,0.871986,1.104062,0.735879,1.295272,0.635327,1.471027,0.528457,1.596804,0.443177,1.694257,0.372007,1.358569,0.598632
"410523210003",4.463941,0.952255,6.298370,0.903593,7.711723,0.853245,8.905793,0.801075,9.960342,0.746810,10.928646,0.689540,8.336903,0.827059
"410526210001",0.080662,0.954801,0.116025,0.904664,0.145313,0.848087,0.169894,0.788398,0.192140,0.726347,0.213237,0.659244,0.159340,0.816432
"410526210002",0.080108,0.992862,0.139910,0.978074,0.194111,0.957495,0.244314,0.932174,0.290771,0.903224,0.333854,0.871462,0.230712,0.939746
"410526210003",0.069300,0.985534,0.112992,0.961744,0.142180,0.939801,0.166000,0.918365,0.191248,0.892274,0.213849,0.866123,0.156869,0.926942
"410526210004",0.097616,0.945643,0.146337,0.878369,0.183969,0.808643,0.208536,0.755306,0.235052,0.690564,0.262494,0.616071,0.196820,0.781555
"410526210005",0.109210,0.952870,0.165768,0.891743,0.196283,0.848839,0.214279,0.820624,0.235393,0.784562,0.255813,0.746828,0.201948,0.840443
"410526210006",0.575247,0.474407,0.712245,0.201812,0.726000,0.160158,0.835379,-0.106188,0.839309,-0.104945,0.904129,-0.268808,0.771178,0.062324
"410526210007",0.037013,0.971247,0.058107,0.929910,0.071824,0.894285,0.083613,0.858421,0.094949,0.819799,0.107568,0.771889,0.079038,0.872894
"410526210008",0.706339,0.925345,1.029609,0.838701,1.298469,0.739185,1.543826,0.625234,1.757515,0.506127,1.938422,0.388905,1.441918,0.675932
"410526210009",0.054535,0.984850,0.089554,0.959256,0.118837,0.928570,0.142689,0.897528,0.166396,0.861453,0.190410,0.819711,0.135043,0.908114
"410526210011",0.333630,0.444212,0.386363,0.261187,0.409521,0.177846,0.387174,0.271966,0.383095,0.294080,0.415420,0.178106,0.386767,0.270456
"410526210012",0.804519,0.494389,1.089756,0.074191,1.168265,-0.062185,1.166747,-0.057939,1.158137,-0.041083,1.170890,-0.063043,1.101001,0.056969
"410527210001",0.218623,0.988905,0.377528,0.966659,0.519365,0.936427,0.637001,0.903572,0.721395,0.875242,0.800764,0.844819,0.581301,0.920054
"410527210002",0.071467,0.992544,0.119193,0.979410,0.161232,0.962650,0.200982,0.942433,0.238049,0.919937,0.276134,0.893234,0.190884,0.947905
"410527210003",0.435964,0.824049,0.753714,0.456849,0.985994,0.034250,1.160643,-0.395083,1.297769,-0.823848,1.401986,-1.234772,1.058867,-0.139029
"410527210005",0.239408,0.962524,0.378070,0.906052,0.455543,0.863006,0.497392,0.836076,0.521346,0.819085,0.555761,0.793436,0.453843,0.863867
"410527210006",0.089288,0.978208,0.168061,0.923447,0.242029,0.842734,0.310976,0.742263,0.361990,0.653548,0.396365,0.588040,0.282737,0.786247
"410527210007",0.054638,0.963068,0.078410,0.923884,0.102892,0.868792,0.120637,0.819411,0.140048,0.756187,0.160721,0.678384,0.115266,0.835172
"410527210009",0.201316,0.922133,0.221473,0.905437,0.272068,0.856519,0.303019,0.821143,0.319802,0.799737,0.337695,0.775190,0.280396,0.847352
"410621210002",0.525829,0.916213,0.776730,0.816968,0.920317,0.742502,1.039626,0.670751,1.131158,0.609574,1.236272,0.532437,0.967428,0.715156
"410621210006",0.388398,0.936937,0.652536,0.821771,0.860959,0.689208,0.995157,0.584006,1.111014,0.480385,1.220490,0.371160,0.915805,0.647882
"410622210001",0.838046,0.973492,1.214293,0.943445,1.501804,0.912013,1.734163,0.880529,2.000863,0.837874,2.250125,0.790695,1.658618,0.891745
"410725210001",0.205074,0.980261,0.307181,0.955757,0.380252,0.932270,0.452317,0.904205,0.517719,0.874533,0.577442,0.843890,0.425651,0.915163
"410725210002",0.196643,0.965859,0.307760,0.915833,0.395832,0.859876,0.467005,0.804167,0.534048,0.742778,0.592138,0.682249,0.437229,0.828871
"410726210001",0.943837,0.832032,1.208537,0.725044,1.349232,0.657883,1.371636,0.646992,1.424906,0.620006,1.495383,0.582552,1.311471,0.677217
"410726210002",0.084549,0.984938,0.141192,0.957994,0.193341,0.921249,0.240051,0.878618,0.281717,0.831602,0.321161,0.781317,0.225564,0.892573
"410726210004",0.088939,0.993342,0.139449,0.983566,0.187018,0.970325,0.230219,0.954831,0.272819,0.936459,0.313349,0.915801,0.219303,0.959156
"410727210001",0.278356,0.940103,0.417161,0.871162,0.508505,0.816772,0.568547,0.780687,0.629806,0.741904,0.694696,0.698377,0.534257,0.802682
"410727210002",0.548285,0.883091,0.855385,0.717029,1.062337,0.566542,1.196020,0.454379,1.291604,0.368094,1.352734,0.311712,1.087003,0.548244
"410728210001",0.587399,0.873961,0.873943,0.719793,1.050508,0.593345,1.156312,0.505118,1.250480,0.418475,1.332880,0.336096,1.071581,0.575902
"410728210002",0.384274,0.854970,0.536710,0.717049,0.612792,0.631190,0.669503,0.560144,0.737523,0.462774,0.790979,0.382639,0.636638,0.601295
"410781210001",0.666523,0.992732,1.248514,0.974214,1.771875,0.947479,2.240454,0.915073,2.677893,0.877264,3.084555,0.835199,2.115333,0.924742
"410781210002",0.162323,0.995288,0.274070,0.986473,0.379196,0.973928,0.474388,0.958911,0.570109,0.940248,0.650429,0.921689,0.450625,0.963080
"410922210001",0.082926,0.982679,0.127894,0.959323,0.155661,0.940540,0.180552,0.921015,0.208023,0.896433,0.233514,0.871138,0.172821,0.927222
"410922210002",0.078330,0.989695,0.131280,0.971003,0.182684,0.943799,0.228941,0.911637,0.270133,0.876917,0.309707,0.838201,0.216323,0.921199
"410922210003",0.363740,0.863151,0.468157,0.773620,0.530318,0.709966,0.581312,0.651934,0.606169,0.622000,0.644586,0.573076,0.541761,0.697529
"410922210004",0.103612,0.988671,0.175570,0.967496,0.238780,0.939951,0.285506,0.914275,0.327310,0.887535,0.363883,0.861272,0.265531,0.925845
"410923210001",0.310983,0.938237,0.497586,0.843817,0.629255,0.753506,0.705369,0.694471,0.778478,0.632708,0.841488,0.576354,0.652168,0.737336
"410923210003",1.203878,0.711643,1.807573,0.364416,2.105792,0.158320,2.253763,0.062068,2.323052,0.031189,2.432644,-0.033273,2.063362,0.206959
"410926210001",0.414996,0.867458,0.645763,0.673532,0.766542,0.532026,0.825397,0.449006,0.858772,0.395468,0.881280,0.355634,0.749693,0.550071
"410926210002",0.856163,0.885175,1.647941,0.597612,2.088896,0.385836,2.360347,0.250918,2.542237,0.174731,2.678939,0.136834,2.122229,0.384039
"410926210003",0.306112,0.977036,0.526416,0.931551,0.696490,0.879265,0.819774,0.831558,0.923130,0.784962,1.009655,0.740986,0.752719,0.858620
"410927210001",0.472254,0.804200,0.684621,0.589540,0.781134,0.468889,0.825589,0.410239,0.858533,0.363537,0.894805,0.310485,0.766078,0.490057
"410927210002",0.203229,0.907259,0.316588,0.775417,0.400888,0.640527,0.465892,0.515372,0.508984,0.422721,0.544807,0.340195,0.423316,0.599595
"410928210001",0.627584,0.911827,0.903614,0.816902,1.071262,0.742295,1.169068,0.692766,1.244240,0.651581,1.294718,0.622339,1.076192,0.739859
"410928210003",0.493605,0.804163,0.644502,0.665084,0.766890,0.524574,0.849624,0.414770,0.894956,0.348842,0.927399,0.298963,0.777820,0.510238
"410928210004",0.401675,0.826561,0.531935,0.696337,0.589926,0.627579,0.631978,0.573210,0.654115,0.543659,0.680722,0.506930,0.589202,0.628692
"410928210005",0.559058,0.810480,0.804865,0.607302,0.937115,0.467827,1.023932,0.364883,1.090573,0.279842,1.147910,0.202547,0.948158,0.455362
"410928210006",0.689462,0.828233,0.980176,0.653766,1.120023,0.552029,1.196642,0.490061,1.228329,0.463177,1.242302,0.451299,1.093512,0.572295
"410928210007",0.285328,0.902502,0.435919,0.772562,0.528245,0.666031,0.591892,0.580813,0.639354,0.511111,0.682421,0.443565,0.543950,0.645995
